quote,author,author_url,tags,birth_date,birth_place,biography
"“This life is what you make it. No matter what, you're going to mess up sometimes, it's a universal truth. But the good part is you get to decide how you're going to mess it up. Girls will be your friends - they'll act like it anyway. But just remember, some come, some go. The ones that stay with you through everything - they're your true best friends. Don't let go of them. Also remember, sisters make the best friends in the world. As for lovers, well, they'll come and go too. And baby, I hate to say it, most of them - actually pretty much all of them are going to break your heart, but you can't give up because if you give up, you'll never find your soulmate. You'll never find that half who makes you whole and that goes for everything. Just because you fail once, doesn't mean you're gonna fail at everything. Keep trying, hold on, and always, always, always believe in yourself, because if you don't, then who will, sweetie? So keep your head high, keep your chin up, and most importantly, keep smiling, because life's a beautiful thing and there's so much to smile about.”",Marilyn Monroe,https://quotes.toscrape.com/author/Marilyn-Monroe,friends;heartbreak;inspirational;life;love;sisters,1926-06-01,in The United States,"Marilyn Monroe (born Norma Jeane Mortenson; June 1, 1926 – August 5, 1962) was an American actress, model, and singer, who became a major sex symbol, starring in a number of commercially successful motion pictures during the 1950s and early 1960s.After spending much of her childhood in foster homes, Monroe began a career as a model, which led to a film contract in 1946 with Twentieth Century-Fox. Her early film appearances were minor, but her performances in The Asphalt Jungle and All About Eve (both 1950), drew attention. By 1952 she had her first leading role in Don't Bother to Knock and 1953 brought a lead in Niagara, a melodramatic film noir that dwelt on her seductiveness. Her ""dumb blonde"" persona was used to comic effect in subsequent films such as Gentlemen Prefer Blondes (1953), How to Marry a Millionaire (1953) and The Seven Year Itch (1955). Limited by typecasting, Monroe studied at the Actors Studio to broaden her range. Her dramatic performance in Bus Stop (1956) was hailed by critics and garnered a Golden Globe nomination. Her production company, Marilyn Monroe Productions, released The Prince and the Showgirl (1957), for which she received a BAFTA Award nomination and won a David di Donatello award. She received a Golden Globe Award for her performance in Some Like It Hot (1959). Monroe's last completed film was The Misfits, co-starring Clark Gable with screenplay by her then-husband, Arthur Miller.Marilyn was a passionate reader, owning four hundred books at the time of her death, and was often photographed with a book.The final years of Monroe's life were marked by illness, personal problems, and a reputation for unreliability and being difficult to work with. The circumstances of her death, from an overdose of barbiturates, have been the subject of conjecture. Though officially classified as a ""probable suicide"", the possibility of an accidental overdose, as well as of homicide, have not been ruled out. In 1999, Monroe was ranked as the sixth greatest female star of all time by the American Film Institute. In the decades following her death, she has often been cited as both a pop and a cultural icon as well as the quintessential American sex symbol."
"“It takes a great deal of bravery to stand up to our enemies, but just as much to stand up to our friends.”",J.K. Rowling,https://quotes.toscrape.com/author/J-K-Rowling,courage;friends,1965-07-31,"in Yate, South Gloucestershire, England, The United Kingdom","See also: Robert GalbraithAlthough she writes under the pen name J.K. Rowling, pronounced like rolling, her name when her first Harry Potter book was published was simply Joanne Rowling. Anticipating that the target audience of young boys might not want to read a book written by a woman, her publishers demanded that she use two initials, rather than her full name. As she had no middle name, she chose K as the second initial of her pen name, from her paternal grandmother Kathleen Ada Bulgen Rowling. She calls herself Jo and has said, ""No one ever called me 'Joanne' when I was young, unless they were angry."" Following her marriage, she has sometimes used the name Joanne Murray when conducting personal business. During the Leveson Inquiry she gave evidence under the name of Joanne Kathleen Rowling. In a 2012 interview, Rowling noted that she no longer cared that people pronounced her name incorrectly.Rowling was born to Peter James Rowling, a Rolls-Royce aircraft engineer, and Anne Rowling (née Volant), on 31 July 1965 in Yate, Gloucestershire, England, 10 miles (16 km) northeast of Bristol. Her mother Anne was half-French and half-Scottish. Her parents first met on a train departing from King's Cross Station bound for Arbroath in 1964. They married on 14 March 1965. Her mother's maternal grandfather, Dugald Campbell, was born in Lamlash on the Isle of Arran. Her mother's paternal grandfather, Louis Volant, was awarded the Croix de Guerre for exceptional bravery in defending the village of Courcelles-le-Comte during the First World War.Rowling's sister Dianne was born at their home when Rowling was 23 months old. The family moved to the nearby village Winterbourne when Rowling was four. She attended St Michael's Primary School, a school founded by abolitionist William Wilberforce and education reformer Hannah More. Her headmaster at St Michael's, Alfred Dunn, has been suggested as the inspiration for the Harry Potter headmaster Albus Dumbledore.As a child, Rowling often wrote fantasy stories, which she would usually then read to her sister. She recalls that: ""I can still remember me telling her a story in which she fell down a rabbit hole and was fed strawberries by the rabbit family inside it. Certainly the first story I ever wrote down (when I was five or six) was about a rabbit called Rabbit. He got the measles and was visited by his friends, including a giant bee called Miss Bee."" At the age of nine, Rowling moved to Church Cottage in the Gloucestershire village of Tutshill, close to Chepstow, Wales. When she was a young teenager, her great aunt, who Rowling said ""taught classics and approved of a thirst for knowledge, even of a questionable kind,"" gave her a very old copy of Jessica Mitford's autobiography, Hons and Rebels. Mitford became Rowling's heroine, and Rowling subsequently read all of her books.Rowling has said of her teenage years, in an interview with The New Yorker, ""I wasn’t particularly happy. I think it’s a dreadful time of life."" She had a difficult homelife; her mother was ill and she had a difficult relationship with her father (she is no longer on speaking terms with him). She attended secondary school at Wyedean School and College, where her mother had worked as a technician in the science department. Rowling said of her adolescence, ""Hermione [a bookish, know-it-all Harry Potter character] is loosely based on me. She's a caricature of me when I was eleven, which I'm not particularly proud of."" Steve Eddy, who taught Rowling English when she first arrived, remembers her as ""not exceptional"" but ""one of a group of girls who were bright, and quite good at English."" Sean Harris, her best friend in the Upper Sixth owned a turquoise Ford Anglia, which she says inspired the one in her books."
"“If you can't explain it to a six year old, you don't understand it yourself.”",Albert Einstein,https://quotes.toscrape.com/author/Albert-Einstein,simplicity;understand,1879-03-14,"in Ulm, Germany","In 1879, Albert Einstein was born in Ulm, Germany. He completed his Ph.D. at the University of Zurich by 1909. His 1905 paper explaining the photoelectric effect, the basis of electronics, earned him the Nobel Prize in 1921. His first paper on Special Relativity Theory, also published in 1905, changed the world. After the rise of the Nazi party, Einstein made Princeton his permanent home, becoming a U.S. citizen in 1940. Einstein, a pacifist during World War I, stayed a firm proponent of social justice and responsibility. He chaired the Emergency Committee of Atomic Scientists, which organized to alert the public to the dangers of atomic warfare.At a symposium, he advised: ""In their struggle for the ethical good, teachers of religion must have the stature to give up the doctrine of a personal God, that is, give up that source of fear and hope which in the past placed such vast power in the hands of priests. In their labors they will have to avail themselves of those forces which are capable of cultivating the Good, the True, and the Beautiful in humanity itself. This is, to be sure a more difficult but an incomparably more worthy task . . . "" (""Science, Philosophy and Religion, A Symposium,"" published by the Conference on Science, Philosophy and Religion in their Relation to the Democratic Way of Life, Inc., New York, 1941). In a letter to philosopher Eric Gutkind, dated Jan. 3, 1954, Einstein stated: ""The word god is for me nothing more than the expression and product of human weaknesses, the Bible a collection of honorable, but still primitive legends which are nevertheless pretty childish. No interpretation no matter how subtle can (for me) change this,"" (The Guardian, ""Childish superstition: Einstein's letter makes view of religion relatively clear,"" by James Randerson, May 13, 2008). D. 1955.While best known for his mass–energy equivalence formula E = mc2 (which has been dubbed ""the world's most famous equation""), he received the 1921 Nobel Prize in Physics ""for his services to theoretical physics, and especially for his discovery of the law of the photoelectric effect"". The latter was pivotal in establishing quantum theory.Einstein thought that Newtonion mechanics was no longer enough to reconcile the laws of classical mechanics with the laws of the electromagnetic field. This led to the development of his special theory of relativity. He realized, however, that the principle of relativity could also be extended to gravitational fields, and with his subsequent theory of gravitation in 1916, he published a paper on the general theory of relativity. He continued to deal with problems of statistical mechanics and quantum theory, which led to his explanations of particle theory and the motion of molecules. He also investigated the thermal properties of light which laid the foundation of the photon theory of light.He was visiting the United States when Adolf Hitler came to power in 1933 and did not go back to Germany. On the eve of World War II, he endorsed a letter to President Franklin D. Roosevelt alerting him to the potential development of ""extremely powerful bombs of a new type"" and recommending that the U.S. begin similar research. This eventually led to what would become the Manhattan Project. Einstein supported defending the Allied forces, but largely denounced the idea of using the newly discovered nuclear fission as a weapon. Later, with Bertrand Russell, Einstein signed the Russell–Einstein Manifesto, which highlighted the danger of nuclear weapons. Einstein was affiliated with the Institute for Advanced Study in Princeton, New Jersey, until his death in 1955.His great intellectual achievements and originality have made the word ""Einstein"" synonymous with genius.More: http://en.wikipedia.org/wiki/Albert_E...http://www.nobelprize.org/nobel_prize..."
"“You may not be her first, her last, or her only. She loved before she may love again. But if she loves you now, what else matters? She's not perfect—you aren't either, and the two of you may never be perfect together but if she can make you laugh, cause you to think twice, and admit to being human and making mistakes, hold onto her and give her the most you can. She may not be thinking about you every second of the day, but she will give you a part of her that she knows you can break—her heart. So don't hurt her, don't change her, don't analyze and don't expect more than she can give. Smile when she makes you happy, let her know when she makes you mad, and miss her when she's not there.”",Bob Marley,https://quotes.toscrape.com/author/Bob-Marley,love,1945-02-06,"in Nine Mile, Saint Ann, Jamaica","Robert ""Bob"" Nesta Marley OM was a Jamaican singer, songwriter, guitarist, and activist. He was the frontman, lead singer, songwriter and guitarist for the ska, rocksteady and reggae bands: The Wailers (1964 – 1974) and Bob Marley & the Wailers (1974 - 1981). He is the most widely known performer of ska/reggae music, and is often credited for helping spread Jamaican music to the worldwide audience.Marley's best known hits includes ""I Shot the Sheriff"", ""No Woman, No Cry"", ""Exodus"", ""Could You Be Loved"", ""Stir It Up"", ""Jamming"", ""Redemption Song"", and ""One Love"", as well as the posthumous releases ""Buffalo Soldier"" och ""Iron Lion Zion"". The compilation album, Legend, released in 1984, three years after Marley's death, is the best-selling reggae album ever (10 times platinum), with sales of more than 12 million copies."
"“I like nonsense, it wakes up the brain cells. Fantasy is a necessary ingredient in living.”",Dr. Seuss,https://quotes.toscrape.com/author/Dr-Seuss,fantasy,1904-03-02,"in Springfield, MA, The United States","Theodor Seuss Geisel was born 2 March 1904 in Springfield, MA. He graduated Dartmouth College in 1925, and proceeded on to Oxford University with the intent of acquiring a doctorate in literature. At Oxford he met Helen Palmer, who he wed in 1927. He returned from Europe in 1927, and began working for a magazine called Judge, the leading humor magazine in America at the time, submitting both cartoons and humorous articles for them. Additionally, he was submitting cartoons to Life, Vanity Fair and Liberty. In some of his works, he'd made reference to an insecticide called Flit. These references gained notice, and led to a contract to draw comic ads for Flit. This association lasted 17 years, gained him national exposure, and coined the catchphrase ""Quick, Henry, the Flit!"" In 1936 on the way to a vaction in Europe, listening to the rhythm of the ship's engines, he came up with And to Think That I Saw It on Mulberry Street, which was then promptly rejected by the first 43 publishers he showed it to. Eventually in 1937 a friend published the book for him, and it went on to at least moderate success. During WW II, Geisel joined the army and was sent to Hollywood. Captain Geisel would write for Frank Capra's Signal Corps Unit (for which he won the Legion of Merit) and do documentaries (he won Oscar's for Hitler Lives and Design for Death). He also created a cartoon called Gerald McBoing-Boing which also won him an Oscar. In May of 1954, Life published a report concerning illiteracy among school children. The report said, among other things, that children were having trouble to read because their books were boring. This inspired Geisel's publisher, and prompted him to send Geisel a list of 400 words he felt were important, asked him to cut the list to 250 words (the publishers idea of how many words at one time a first grader could absorb), and write a book. Nine months later, Geisel, using 220 of the words given to him published The Cat in the Hat, which went on to instant success. In 1960 Bennett Cerf bet Geisel $50 that he couldn't write an entire book using only fifty words. The result was Green Eggs and Ham. Cerf never paid the $50 from the bet. Helen Palmer Geisel died in 1967. Theodor Geisel married Audrey Stone Diamond in 1968. Theodor Seuss Geisel died 24 September 1991. Also worked under the pen name:Theo Le Sieg"
"“I may not have gone where I intended to go, but I think I have ended up where I needed to be.”",Douglas Adams,https://quotes.toscrape.com/author/Douglas-Adams,life;navigation,1952-03-11,"in Cambridge, England, The United Kingdom","Douglas Noël Adams was an English author, comic radio dramatist, and musician. He is best known as the author of the Hitchhiker's Guide to the Galaxy series. Hitchhiker's began on radio, and developed into a ""trilogy"" of five books (which sold more than fifteen million copies during his lifetime) as well as a television series, a comic book series, a computer game, and a feature film that was completed after Adams' death. The series has also been adapted for live theatre using various scripts; the earliest such productions used material newly written by Adams. He was known to some fans as Bop Ad (after his illegible signature), or by his initials ""DNA"".In addition to The Hitchhiker's Guide to the Galaxy, Douglas Adams wrote or co-wrote three stories of the science fiction television series Doctor Who and served as Script Editor during the seventeenth season. His other written works include the Dirk Gently novels, and he co-wrote two Liff books and Last Chance to See, itself based on a radio series. Adams also originated the idea for the computer game Starship Titanic, which was produced by a company that Adams co-founded, and adapted into a novel by Terry Jones. A posthumous collection of essays and other material, including an incomplete novel, was published as The Salmon of Doubt in 2002.His fans and friends also knew Adams as an environmental activist and a lover of fast cars, cameras, the Macintosh computer, and other ""techno gizmos"". Toward the end of his life he was a sought-after lecturer on topics including technology and the environment."
"“The opposite of love is not hate, it's indifference. The opposite of art is not ugliness, it's indifference. The opposite of faith is not heresy, it's indifference. And the opposite of life is not death, it's indifference.”",Elie Wiesel,https://quotes.toscrape.com/author/Elie-Wiesel,activism;apathy;hate;indifference;inspirational;love;opposite;philosophy,1928-09-30,"in Sighet, Romania","Eliezer Wiesel was a Romania-born American novelist, political activist, and Holocaust survivor of Hungarian Jewish descent. He was the author of over 40 books, the best known of which is Night, a memoir that describes his experiences during the Holocaust and his imprisonment in several concentration camps.Wiesel was awarded the Nobel Peace Prize in 1986. The Norwegian Nobel Committee called him a ""messenger to mankind,"" noting that through his struggle to come to terms with ""his own personal experience of total humiliation and of the utter contempt for humanity shown in Hitler's death camps,"" as well as his ""practical work in the cause of peace,"" Wiesel has delivered a powerful message ""of peace, atonement and human dignity"" to humanity.On November 30, 2006 Wiesel received an honorary knighthood in London, England in recognition of his work toward raising Holocaust education in the United Kingdom.http://us.macmillan.com/author/eliewi..."
"“It is not a lack of love, but a lack of friendship that makes unhappy marriages.”",Friedrich Nietzsche,https://quotes.toscrape.com/author/Friedrich-Nietzsche,friendship;lack-of-friendship;lack-of-love;love;marriage;unhappy-marriage,1844-10-15,"in Röcken bei Lützen, Prussian Province of Saxony, Germany","Friedrich Wilhelm Nietzsche (1844–1900) is a German philosopher of the late 19th century who challenged the foundations of Christianity and traditional morality. He was interested in the enhancement of individual and cultural health, and believed in life, creativity, power, and the realities of the world we live in, rather than those situated in a world beyond. Central to his philosophy is the idea of “life-affirmation,” which involves an honest questioning of all doctrines that drain life's expansive energies, however socially prevalent those views might be. Often referred to as one of the first existentialist philosophers along with Søren Kierkegaard (1813–1855), Nietzsche's revitalizing philosophy has inspired leading figures in all walks of cultural life, including dancers, poets, novelists, painters, psychologists, philosophers, sociologists and social revolutionaries.From the Stanford Encyclopedia of Philosophy"
"“Good friends, good books, and a sleepy conscience: this is the ideal life.”",Mark Twain,https://quotes.toscrape.com/author/Mark-Twain,books;contentment;friends;friendship;life,1835-11-30,"in Florida, Missouri, The United States","Samuel Langhorne Clemens, better known by his pen name Mark Twain, was an American author and humorist. He is noted for his novels Adventures of Huckleberry Finn (1885), called ""the Great American Novel"", and The Adventures of Tom Sawyer (1876).Twain grew up in Hannibal, Missouri, which would later provide the setting for Huckleberry Finn and Tom Sawyer. He apprenticed with a printer. He also worked as a typesetter and contributed articles to his older brother Orion's newspaper. After toiling as a printer in various cities, he became a master riverboat pilot on the Mississippi River, before heading west to join Orion. He was a failure at gold mining, so he next turned to journalism. While a reporter, he wrote a humorous story, ""The Celebrated Jumping Frog of Calaveras County,"" which proved to be very popular and brought him nationwide attention. His travelogues were also well-received. Twain had found his calling.He achieved great success as a writer and public speaker. His wit and satire earned praise from critics and peers, and he was a friend to presidents, artists, industrialists, and European royalty.However, he lacked financial acumen. Though he made a great deal of money from his writings and lectures, he squandered it on various ventures, in particular the Paige Compositor, and was forced to declare bankruptcy. With the help of Henry Huttleston Rogers, however, he eventually overcame his financial troubles. Twain worked hard to ensure that all of his creditors were paid in full, even though his bankruptcy had relieved him of the legal responsibility.Born during a visit by Halley's Comet, he died on its return. He was lauded as the ""greatest American humorist of his age"", and William Faulkner called Twain ""the father of American literature"".Excerpted from Wikipedia."
“Life is what happens to us while we are making other plans.”,Allen Saunders,https://quotes.toscrape.com/author/Allen-Saunders,fate;life;misattributed-john-lennon;planning;plans,1899-04-24,in The United States,"Allen Saunders was an American writer, journalist and cartoonist who wrote the comic strips Steve Roper and Mike Nomad, Mary Worth and Kerry Drake. His full name, John Allen Saunders, sometimes led to confusion with his son John (John Phillip Saunders, 1924–2003), who later continued two of his father's strips.Born in Lebanon, Indiana, Saunders enjoyed newspaper comics as a youth, and he practiced drawing them. After graduating from Wabash College in 1920, he taught French there for seven years while working in the summers on his M.A. at the University of Chicago and taking night classes at the Chicago Academy of Fine Arts. He drew editorial cartoons and the single-panel Miserable Moments, wrote detective fiction for magazines, worked in Chautauqua theater and wrote plays. These experiences converged in his later comics career.[2]In 1927, while on sabbatical from Wabash, he moved to Toledo, Ohio as a reporter and drama critic for the News-Bee, and he stayed on with that newspaper. Eight years later, Elmer Woggon (a friend at the rival Toledo Blade) proposed a comic strip for Publishers Syndicate (later Publishers-Hall Syndicate), The Great Gusto, which he would draw if Saunders did the writing. They shook on it, but it wasn't accepted until they refocused on its Indian character. On November 23, 1936, it finally appeared in the newspapers as Big Chief Wahoo and scored a success—fortunately, as Saunders' regular job ended when the News-Bee folded in 1938. Gags gave way to adventure strips, so in 1940, he began to reshape the narrative into Steve Roper, centered on the escapades of a racket-busting photojournalist"
"“I love you without knowing how, or when, or from where. I love you simply, without problems or pride: I love you in this way because I do not know any other way of loving but this, in which there is no I or you, so intimate that your hand upon my chest is my hand, so intimate that when I fall asleep your eyes close.”",Pablo Neruda,https://quotes.toscrape.com/author/Pablo-Neruda,love;poetry,1904-07-12,"in Parral, Chile","Pablo Neruda was the pen name and, later, legal name of the Chilean writer and politician Neftalí Ricardo Reyes Basoalto. Neruda assumed his pen name as a teenager, partly because it was in vogue, partly to hide his poetry from his father, a rigid man who wanted his son to have a ""practical"" occupation. Neruda's pen name was derived from Czech writer and poet Jan Neruda; Pablo is thought to be from Paul Verlaine. With his works translated into many languages, Pablo Neruda is considered one of the greatest and most influential poets of the 20th century.Neruda was accomplished in a variety of styles ranging from erotically charged love poems like his collection Twenty Poems of Love and a Song of Despair, surrealist poems, historical epics, and overtly political manifestos. In 1971 Neruda won the Nobel Prize for Literature, a controversial award because of his political activism. Colombian novelist Gabriel García Márquez once called him ""the greatest poet of the 20th century in any language.""On July 15, 1945, at Pacaembu Stadium in São Paulo, Brazil, he read to 100,000 people in honor of Communist revolutionary leader Luís Carlos Prestes. When Neruda returned to Chile after his Nobel Prize acceptance speech, Salvador Allende invited him to read at the Estadio Nacional before 70,000 people.During his lifetime, Neruda occupied many diplomatic posts and served a stint as a senator for the Chilean Communist Party. When Conservative Chilean President González Videla outlawed communism in Chile, a warrant was issued for Neruda's arrest. Friends hid him for months in a house basement in the Chilean port of Valparaíso. Later, Neruda escaped into exile through a mountain pass near Maihue Lake into Argentina. Years later, Neruda was a close collaborator to socialist President Salvador Allende.Neruda was hospitalized with cancer at the time of the Chilean coup d'état led by Augusto Pinochet. Three days after being hospitalized, Neruda died of heart failure. Already a legend in life, Neruda's death reverberated around the world. Pinochet had denied permission to transform Neruda's funeral into a public event. However, thousands of grieving Chileans disobeyed the curfew and crowded the streets. Neruda's funeral became the first public protest against the Chilean military dictatorship."
“For every minute you are angry you lose sixty seconds of happiness.”,Ralph Waldo Emerson,https://quotes.toscrape.com/author/Ralph-Waldo-Emerson,happiness,1803-05-25,"in Boston, Massachusetts, The United States","in 1803, Ralph Waldo Emerson was born in Boston. Educated at Harvard and the Cambridge Divinity School, he became a Unitarian minister in 1826 at the Second Church Unitarian. The congregation, with Christian overtones, issued communion, something Emerson refused to do. ""Really, it is beyond my comprehension,"" Emerson once said, when asked by a seminary professor whether he believed in God. (Quoted in 2,000 Years of Freethought edited by Jim Haught.) By 1832, after the untimely death of his first wife, Emerson cut loose from Unitarianism. During a year-long trip to Europe, Emerson became acquainted with such intelligentsia as British writer Thomas Carlyle, and poets Wordsworth and Coleridge. He returned to the United States in 1833, to a life as poet, writer and lecturer. Emerson inspired Transcendentalism, although never adopting the label himself. He rejected traditional ideas of deity in favor of an ""Over-Soul"" or ""Form of Good,"" ideas which were considered highly heretical. His books include Nature (1836), The American Scholar (1837), Divinity School Address (1838), Essays, 2 vol. (1841, 1844), Nature, Addresses and Lectures (1849), and three volumes of poetry. Margaret Fuller became one of his ""disciples,"" as did Henry David Thoreau.The best of Emerson's rather wordy writing survives as epigrams, such as the famous: ""A foolish consistency is the hobgoblin of little minds, adored by little statesmen and philosophers and divines."" Other one- (and two-) liners include: ""As men's prayers are a disease of the will, so are their creeds a disease of the intellect"" (Self-Reliance, 1841). ""The most tedious of all discourses are on the subject of the Supreme Being"" (Journal, 1836). ""The word miracle, as pronounced by Christian churches, gives a false impression; it is a monster. It is not one with the blowing clover and the falling rain"" (Address to Harvard Divinity College, July 15, 1838). He demolished the right wing hypocrites of his era in his essay ""Worship"": "". . . the louder he talked of his honor, the faster we counted our spoons"" (Conduct of Life, 1860). ""I hate this shallow Americanism which hopes to get rich by credit, to get knowledge by raps on midnight tables, to learn the economy of the mind by phrenology, or skill without study, or mastery without apprenticeship"" (Self-Reliance). ""The first and last lesson of religion is, 'The things that are seen are temporal; the things that are not seen are eternal.' It puts an affront upon nature"" (English Traits , 1856). ""The god of the cannibals will be a cannibal, of the crusaders a crusader, and of the merchants a merchant."" (Civilization, 1862). He influenced generations of Americans, from his friend Henry David Thoreau to John Dewey, and in Europe, Friedrich Nietzsche, who takes up such Emersonian themes as power, fate, the uses of poetry and history, and the critique of Christianity. D. 1882.More: http://www.rwe.org/http://plato.stanford.edu/entries/eme...http://transcendentalism-legacy.tamu....http://en.wikipedia.org/wiki/Ralph_Wa...http://www.poets.org/poet.php/prmPID/201http://www.pbs.org/wnet/ihas/poet/eme...http://www.biography.com/people/ralph...http://www.online-literature.com/emer...http://www.emersoncentral.com/"
"“If you judge people, you have no time to love them.”",Mother Teresa,https://quotes.toscrape.com/author/Mother-Teresa,attributed-no-source,1910-08-26,"in Skopje, Macedonia, the Former Yugoslav Republic of","Blessed Teresa of Calcutta, or Mother Teresa, born Agnes Gonxha Bojaxhiu was an Albanian Roman Catholic nun who founded the Missionaries of Charity in Kolkata (Calcutta), India in 1950. For over forty years she ministered to the poor, sick, orphaned, and dying, while guiding the Missionaries of Charity's expansion, first throughout India and then in other countries.By the 1970s she had become internationally famed as a humanitarian and advocate for the poor and helpless, due in part to a documentary, and book, Something Beautiful for God by Malcolm Muggeridge. She won the Nobel Peace Prize in 1979 and India's highest civilian honour, the Bharat Ratna, in 1980 for her humanitarian work. Mother Teresa's Missionaries of Charity continued to expand, and at the time of her death it was operating 610 missions in 123 countries, including hospices and homes for people with HIV/AIDS, leprosy and tuberculosis, soup kitchens, children's and family counseling programs, orphanages, and schools.Following her death she was beatified by Pope John Paul II and given the title Blessed Teresa of Calcutta."
“Anyone who thinks sitting in church can make you a Christian must also think that sitting in a garage can make you a car.”,Garrison Keillor,https://quotes.toscrape.com/author/Garrison-Keillor,humor;religion,1942-08-07,"in Anoka, Minnesota, The United States","Garrison Keillor (born Gary Edward Keillor on August 7, 1942 in Anoka, Minnesota) is an American author, storyteller, humorist, columnist, musician, satirist, and radio personality. He is known as host of the Minnesota Public Radio show ""A Prairie Home Companion"".Keillor was born in Anoka, Minnesota, the son of Grace Ruth (née Denham) and John Philip Keillor, who was a carpenter and postal worker. His father had English ancestry, partly by way of Canada (Keillor's paternal grandfather was from Kingston, Ontario). His maternal grandparents were Scottish immigrants, from Glasgow. The family belonged to the Plymouth Brethren, a fundamentalist Christian denomination Keillor has since left. He is six feet, three inches (1.9 m) tall. Keillor is a member of the Democratic-Farmer-Labor Party. In 2006 he told Christianity Today that he was attending the Episcopal church in Saint Paul, after previously attending a Lutheran church in New York.Keillor graduated from Anoka High School in 1960 and from the University of Minnesota with a bachelor's degree in English in 1966. During college, he began his broadcasting career on the student-operated radio station known today as Radio K.Keillor has been married three times.Garrison Keillor started his professional radio career in November 1969 with Minnesota Educational Radio, now Minnesota Public Radio. He hosted The Morning Program on weekdays from 6 to 9 a.m. on KSJR 90.1 FM at St. John's University, which the station called ""A Prairie Home Entertainment."" The show's eclectic music was a major divergence from the station's usual classical fare. During this time he also began submitting fiction to The New Yorker, where his first story, ""Local Family Keeps Son Happy,"" appeared on September 19, 1970.Keillor resigned from The Morning Program in February 1971 to protest a perceived attempt to interfere with his musical programming. The show became A Prairie Home Companion when he returned in October.A Prairie Home Companion debuted as an old-style variety show before a live audience on July 6, 1974, featuring guest musicians and a cadre cast doing musical numbers and comic skits replete with elaborate live sound effects. The show was punctuated by spoof commercial spots from fictitious sponsors such as Powdermilk Biscuits. The show also contains parodic serial melodramas, such as The Adventures of Guy Noir, Private Eye and The Lives of the Cowboys. Keillor voices Noir and other recurring characters, and also provides vocals for some of the show's musical numbers.A Prairie Home Companion ran until 1987, when Keillor decided to end it to focus on other projects. In 1989, he launched another live radio program from New York City, ""The American Radio Company of the Air"" — which had almost the same format as A Prairie Home Companion's. In 1992, he moved ARC back to St. Paul, and a year later changed the name back to A Prairie Home Companion; it has remained a Saturday night fixture ever since.Keillor has been called ""[o]ne of the most perceptive and witty commentators about Midwestern life"" by Randall Balmer in Encyclopedia of Evangelicalism. He has written numerous magazine and newspaper articles and more than a dozen books for adults as well as children. He has also written for Salon.com and authored an advice column at Salon.com under the name ""Mr. Blue.""In 2004 Keillor published a collection of political essays, Homegrown Democrat: A Few Plain Thoughts from the Heart of America, and in June 2005 he began a column called ""The Old Scout"", which ran at Salon.com and in syndicated newspapers. The column went on hiatus in April 2010.Keillor wrote the screenplay for the 2006 movie A Prairie Home Companion, directed by Robert Altman. (Keillor also appears in the movie.)"
“Beauty is in the eye of the beholder and it may be necessary from time to time to give a stupid or misinformed beholder a black eye.”,Jim Henson,https://quotes.toscrape.com/author/Jim-Henson,humor,1936-09-24,"in Greenville, Mississippi, The United States","James Maury ""Jim"" Henson was the most widely known puppeteer in American television history. He was the creator of The Muppets and the leading force behind their long creative run in the television series Sesame Street and The Muppet Show and films such as The Muppet Movie (1979) and The Dark Crystal (1982). He was also an Oscar-nominated film director, Emmy Award-winning television producer, and the founder of The Jim Henson Company, the Jim Henson Foundation, and Jim Henson's Creature Shop. Henson is widely acknowledged for the ongoing vision of faith, friendship, magic, and love which infused nearly all of his work.When Henson died on May 16, 1990, his sudden death resulted in an outpouring of public and professional affection. There have since been numerous tributes and dedications in his memory. Henson’s companies, which are now run by his children, continue to produce films and television shows.Humanitarian, muppeteer, producer and director of films for children that encourage tolerance, interracial values, equality and fair play. He was awarded the Courage of Conscience award September 26, 1992."
"“Today you are You, that is truer than true. There is no one alive who is Youer than You.”",Dr. Seuss,https://quotes.toscrape.com/author/Dr-Seuss,comedy;life;yourself,1904-03-02,"in Springfield, MA, The United States","Theodor Seuss Geisel was born 2 March 1904 in Springfield, MA. He graduated Dartmouth College in 1925, and proceeded on to Oxford University with the intent of acquiring a doctorate in literature. At Oxford he met Helen Palmer, who he wed in 1927. He returned from Europe in 1927, and began working for a magazine called Judge, the leading humor magazine in America at the time, submitting both cartoons and humorous articles for them. Additionally, he was submitting cartoons to Life, Vanity Fair and Liberty. In some of his works, he'd made reference to an insecticide called Flit. These references gained notice, and led to a contract to draw comic ads for Flit. This association lasted 17 years, gained him national exposure, and coined the catchphrase ""Quick, Henry, the Flit!"" In 1936 on the way to a vaction in Europe, listening to the rhythm of the ship's engines, he came up with And to Think That I Saw It on Mulberry Street, which was then promptly rejected by the first 43 publishers he showed it to. Eventually in 1937 a friend published the book for him, and it went on to at least moderate success. During WW II, Geisel joined the army and was sent to Hollywood. Captain Geisel would write for Frank Capra's Signal Corps Unit (for which he won the Legion of Merit) and do documentaries (he won Oscar's for Hitler Lives and Design for Death). He also created a cartoon called Gerald McBoing-Boing which also won him an Oscar. In May of 1954, Life published a report concerning illiteracy among school children. The report said, among other things, that children were having trouble to read because their books were boring. This inspired Geisel's publisher, and prompted him to send Geisel a list of 400 words he felt were important, asked him to cut the list to 250 words (the publishers idea of how many words at one time a first grader could absorb), and write a book. Nine months later, Geisel, using 220 of the words given to him published The Cat in the Hat, which went on to instant success. In 1960 Bennett Cerf bet Geisel $50 that he couldn't write an entire book using only fifty words. The result was Green Eggs and Ham. Cerf never paid the $50 from the bet. Helen Palmer Geisel died in 1967. Theodor Geisel married Audrey Stone Diamond in 1968. Theodor Seuss Geisel died 24 September 1991. Also worked under the pen name:Theo Le Sieg"
"“If you want your children to be intelligent, read them fairy tales. If you want them to be more intelligent, read them more fairy tales.”",Albert Einstein,https://quotes.toscrape.com/author/Albert-Einstein,children;fairy-tales,1879-03-14,"in Ulm, Germany","In 1879, Albert Einstein was born in Ulm, Germany. He completed his Ph.D. at the University of Zurich by 1909. His 1905 paper explaining the photoelectric effect, the basis of electronics, earned him the Nobel Prize in 1921. His first paper on Special Relativity Theory, also published in 1905, changed the world. After the rise of the Nazi party, Einstein made Princeton his permanent home, becoming a U.S. citizen in 1940. Einstein, a pacifist during World War I, stayed a firm proponent of social justice and responsibility. He chaired the Emergency Committee of Atomic Scientists, which organized to alert the public to the dangers of atomic warfare.At a symposium, he advised: ""In their struggle for the ethical good, teachers of religion must have the stature to give up the doctrine of a personal God, that is, give up that source of fear and hope which in the past placed such vast power in the hands of priests. In their labors they will have to avail themselves of those forces which are capable of cultivating the Good, the True, and the Beautiful in humanity itself. This is, to be sure a more difficult but an incomparably more worthy task . . . "" (""Science, Philosophy and Religion, A Symposium,"" published by the Conference on Science, Philosophy and Religion in their Relation to the Democratic Way of Life, Inc., New York, 1941). In a letter to philosopher Eric Gutkind, dated Jan. 3, 1954, Einstein stated: ""The word god is for me nothing more than the expression and product of human weaknesses, the Bible a collection of honorable, but still primitive legends which are nevertheless pretty childish. No interpretation no matter how subtle can (for me) change this,"" (The Guardian, ""Childish superstition: Einstein's letter makes view of religion relatively clear,"" by James Randerson, May 13, 2008). D. 1955.While best known for his mass–energy equivalence formula E = mc2 (which has been dubbed ""the world's most famous equation""), he received the 1921 Nobel Prize in Physics ""for his services to theoretical physics, and especially for his discovery of the law of the photoelectric effect"". The latter was pivotal in establishing quantum theory.Einstein thought that Newtonion mechanics was no longer enough to reconcile the laws of classical mechanics with the laws of the electromagnetic field. This led to the development of his special theory of relativity. He realized, however, that the principle of relativity could also be extended to gravitational fields, and with his subsequent theory of gravitation in 1916, he published a paper on the general theory of relativity. He continued to deal with problems of statistical mechanics and quantum theory, which led to his explanations of particle theory and the motion of molecules. He also investigated the thermal properties of light which laid the foundation of the photon theory of light.He was visiting the United States when Adolf Hitler came to power in 1933 and did not go back to Germany. On the eve of World War II, he endorsed a letter to President Franklin D. Roosevelt alerting him to the potential development of ""extremely powerful bombs of a new type"" and recommending that the U.S. begin similar research. This eventually led to what would become the Manhattan Project. Einstein supported defending the Allied forces, but largely denounced the idea of using the newly discovered nuclear fission as a weapon. Later, with Bertrand Russell, Einstein signed the Russell–Einstein Manifesto, which highlighted the danger of nuclear weapons. Einstein was affiliated with the Institute for Advanced Study in Princeton, New Jersey, until his death in 1955.His great intellectual achievements and originality have made the word ""Einstein"" synonymous with genius.More: http://en.wikipedia.org/wiki/Albert_E...http://www.nobelprize.org/nobel_prize..."
"“It is impossible to live without failing at something, unless you live so cautiously that you might as well not have lived at all - in which case, you fail by default.”",J.K. Rowling,https://quotes.toscrape.com/author/J-K-Rowling,,1965-07-31,"in Yate, South Gloucestershire, England, The United Kingdom","See also: Robert GalbraithAlthough she writes under the pen name J.K. Rowling, pronounced like rolling, her name when her first Harry Potter book was published was simply Joanne Rowling. Anticipating that the target audience of young boys might not want to read a book written by a woman, her publishers demanded that she use two initials, rather than her full name. As she had no middle name, she chose K as the second initial of her pen name, from her paternal grandmother Kathleen Ada Bulgen Rowling. She calls herself Jo and has said, ""No one ever called me 'Joanne' when I was young, unless they were angry."" Following her marriage, she has sometimes used the name Joanne Murray when conducting personal business. During the Leveson Inquiry she gave evidence under the name of Joanne Kathleen Rowling. In a 2012 interview, Rowling noted that she no longer cared that people pronounced her name incorrectly.Rowling was born to Peter James Rowling, a Rolls-Royce aircraft engineer, and Anne Rowling (née Volant), on 31 July 1965 in Yate, Gloucestershire, England, 10 miles (16 km) northeast of Bristol. Her mother Anne was half-French and half-Scottish. Her parents first met on a train departing from King's Cross Station bound for Arbroath in 1964. They married on 14 March 1965. Her mother's maternal grandfather, Dugald Campbell, was born in Lamlash on the Isle of Arran. Her mother's paternal grandfather, Louis Volant, was awarded the Croix de Guerre for exceptional bravery in defending the village of Courcelles-le-Comte during the First World War.Rowling's sister Dianne was born at their home when Rowling was 23 months old. The family moved to the nearby village Winterbourne when Rowling was four. She attended St Michael's Primary School, a school founded by abolitionist William Wilberforce and education reformer Hannah More. Her headmaster at St Michael's, Alfred Dunn, has been suggested as the inspiration for the Harry Potter headmaster Albus Dumbledore.As a child, Rowling often wrote fantasy stories, which she would usually then read to her sister. She recalls that: ""I can still remember me telling her a story in which she fell down a rabbit hole and was fed strawberries by the rabbit family inside it. Certainly the first story I ever wrote down (when I was five or six) was about a rabbit called Rabbit. He got the measles and was visited by his friends, including a giant bee called Miss Bee."" At the age of nine, Rowling moved to Church Cottage in the Gloucestershire village of Tutshill, close to Chepstow, Wales. When she was a young teenager, her great aunt, who Rowling said ""taught classics and approved of a thirst for knowledge, even of a questionable kind,"" gave her a very old copy of Jessica Mitford's autobiography, Hons and Rebels. Mitford became Rowling's heroine, and Rowling subsequently read all of her books.Rowling has said of her teenage years, in an interview with The New Yorker, ""I wasn’t particularly happy. I think it’s a dreadful time of life."" She had a difficult homelife; her mother was ill and she had a difficult relationship with her father (she is no longer on speaking terms with him). She attended secondary school at Wyedean School and College, where her mother had worked as a technician in the science department. Rowling said of her adolescence, ""Hermione [a bookish, know-it-all Harry Potter character] is loosely based on me. She's a caricature of me when I was eleven, which I'm not particularly proud of."" Steve Eddy, who taught Rowling English when she first arrived, remembers her as ""not exceptional"" but ""one of a group of girls who were bright, and quite good at English."" Sean Harris, her best friend in the Upper Sixth owned a turquoise Ford Anglia, which she says inspired the one in her books."
“Logic will get you from A to Z; imagination will get you everywhere.”,Albert Einstein,https://quotes.toscrape.com/author/Albert-Einstein,imagination,1879-03-14,"in Ulm, Germany","In 1879, Albert Einstein was born in Ulm, Germany. He completed his Ph.D. at the University of Zurich by 1909. His 1905 paper explaining the photoelectric effect, the basis of electronics, earned him the Nobel Prize in 1921. His first paper on Special Relativity Theory, also published in 1905, changed the world. After the rise of the Nazi party, Einstein made Princeton his permanent home, becoming a U.S. citizen in 1940. Einstein, a pacifist during World War I, stayed a firm proponent of social justice and responsibility. He chaired the Emergency Committee of Atomic Scientists, which organized to alert the public to the dangers of atomic warfare.At a symposium, he advised: ""In their struggle for the ethical good, teachers of religion must have the stature to give up the doctrine of a personal God, that is, give up that source of fear and hope which in the past placed such vast power in the hands of priests. In their labors they will have to avail themselves of those forces which are capable of cultivating the Good, the True, and the Beautiful in humanity itself. This is, to be sure a more difficult but an incomparably more worthy task . . . "" (""Science, Philosophy and Religion, A Symposium,"" published by the Conference on Science, Philosophy and Religion in their Relation to the Democratic Way of Life, Inc., New York, 1941). In a letter to philosopher Eric Gutkind, dated Jan. 3, 1954, Einstein stated: ""The word god is for me nothing more than the expression and product of human weaknesses, the Bible a collection of honorable, but still primitive legends which are nevertheless pretty childish. No interpretation no matter how subtle can (for me) change this,"" (The Guardian, ""Childish superstition: Einstein's letter makes view of religion relatively clear,"" by James Randerson, May 13, 2008). D. 1955.While best known for his mass–energy equivalence formula E = mc2 (which has been dubbed ""the world's most famous equation""), he received the 1921 Nobel Prize in Physics ""for his services to theoretical physics, and especially for his discovery of the law of the photoelectric effect"". The latter was pivotal in establishing quantum theory.Einstein thought that Newtonion mechanics was no longer enough to reconcile the laws of classical mechanics with the laws of the electromagnetic field. This led to the development of his special theory of relativity. He realized, however, that the principle of relativity could also be extended to gravitational fields, and with his subsequent theory of gravitation in 1916, he published a paper on the general theory of relativity. He continued to deal with problems of statistical mechanics and quantum theory, which led to his explanations of particle theory and the motion of molecules. He also investigated the thermal properties of light which laid the foundation of the photon theory of light.He was visiting the United States when Adolf Hitler came to power in 1933 and did not go back to Germany. On the eve of World War II, he endorsed a letter to President Franklin D. Roosevelt alerting him to the potential development of ""extremely powerful bombs of a new type"" and recommending that the U.S. begin similar research. This eventually led to what would become the Manhattan Project. Einstein supported defending the Allied forces, but largely denounced the idea of using the newly discovered nuclear fission as a weapon. Later, with Bertrand Russell, Einstein signed the Russell–Einstein Manifesto, which highlighted the danger of nuclear weapons. Einstein was affiliated with the Institute for Advanced Study in Princeton, New Jersey, until his death in 1955.His great intellectual achievements and originality have made the word ""Einstein"" synonymous with genius.More: http://en.wikipedia.org/wiki/Albert_E...http://www.nobelprize.org/nobel_prize..."
"“One good thing about music, when it hits you, you feel no pain.”",Bob Marley,https://quotes.toscrape.com/author/Bob-Marley,music,1945-02-06,"in Nine Mile, Saint Ann, Jamaica","Robert ""Bob"" Nesta Marley OM was a Jamaican singer, songwriter, guitarist, and activist. He was the frontman, lead singer, songwriter and guitarist for the ska, rocksteady and reggae bands: The Wailers (1964 – 1974) and Bob Marley & the Wailers (1974 - 1981). He is the most widely known performer of ska/reggae music, and is often credited for helping spread Jamaican music to the worldwide audience.Marley's best known hits includes ""I Shot the Sheriff"", ""No Woman, No Cry"", ""Exodus"", ""Could You Be Loved"", ""Stir It Up"", ""Jamming"", ""Redemption Song"", and ""One Love"", as well as the posthumous releases ""Buffalo Soldier"" och ""Iron Lion Zion"". The compilation album, Legend, released in 1984, three years after Marley's death, is the best-selling reggae album ever (10 times platinum), with sales of more than 12 million copies."
"“The more that you read, the more things you will know. The more that you learn, the more places you'll go.”",Dr. Seuss,https://quotes.toscrape.com/author/Dr-Seuss,learning;reading;seuss,1904-03-02,"in Springfield, MA, The United States","Theodor Seuss Geisel was born 2 March 1904 in Springfield, MA. He graduated Dartmouth College in 1925, and proceeded on to Oxford University with the intent of acquiring a doctorate in literature. At Oxford he met Helen Palmer, who he wed in 1927. He returned from Europe in 1927, and began working for a magazine called Judge, the leading humor magazine in America at the time, submitting both cartoons and humorous articles for them. Additionally, he was submitting cartoons to Life, Vanity Fair and Liberty. In some of his works, he'd made reference to an insecticide called Flit. These references gained notice, and led to a contract to draw comic ads for Flit. This association lasted 17 years, gained him national exposure, and coined the catchphrase ""Quick, Henry, the Flit!"" In 1936 on the way to a vaction in Europe, listening to the rhythm of the ship's engines, he came up with And to Think That I Saw It on Mulberry Street, which was then promptly rejected by the first 43 publishers he showed it to. Eventually in 1937 a friend published the book for him, and it went on to at least moderate success. During WW II, Geisel joined the army and was sent to Hollywood. Captain Geisel would write for Frank Capra's Signal Corps Unit (for which he won the Legion of Merit) and do documentaries (he won Oscar's for Hitler Lives and Design for Death). He also created a cartoon called Gerald McBoing-Boing which also won him an Oscar. In May of 1954, Life published a report concerning illiteracy among school children. The report said, among other things, that children were having trouble to read because their books were boring. This inspired Geisel's publisher, and prompted him to send Geisel a list of 400 words he felt were important, asked him to cut the list to 250 words (the publishers idea of how many words at one time a first grader could absorb), and write a book. Nine months later, Geisel, using 220 of the words given to him published The Cat in the Hat, which went on to instant success. In 1960 Bennett Cerf bet Geisel $50 that he couldn't write an entire book using only fifty words. The result was Green Eggs and Ham. Cerf never paid the $50 from the bet. Helen Palmer Geisel died in 1967. Theodor Geisel married Audrey Stone Diamond in 1968. Theodor Seuss Geisel died 24 September 1991. Also worked under the pen name:Theo Le Sieg"
"“Of course it is happening inside your head, Harry, but why on earth should that mean that it is not real?”",J.K. Rowling,https://quotes.toscrape.com/author/J-K-Rowling,dumbledore,1965-07-31,"in Yate, South Gloucestershire, England, The United Kingdom","See also: Robert GalbraithAlthough she writes under the pen name J.K. Rowling, pronounced like rolling, her name when her first Harry Potter book was published was simply Joanne Rowling. Anticipating that the target audience of young boys might not want to read a book written by a woman, her publishers demanded that she use two initials, rather than her full name. As she had no middle name, she chose K as the second initial of her pen name, from her paternal grandmother Kathleen Ada Bulgen Rowling. She calls herself Jo and has said, ""No one ever called me 'Joanne' when I was young, unless they were angry."" Following her marriage, she has sometimes used the name Joanne Murray when conducting personal business. During the Leveson Inquiry she gave evidence under the name of Joanne Kathleen Rowling. In a 2012 interview, Rowling noted that she no longer cared that people pronounced her name incorrectly.Rowling was born to Peter James Rowling, a Rolls-Royce aircraft engineer, and Anne Rowling (née Volant), on 31 July 1965 in Yate, Gloucestershire, England, 10 miles (16 km) northeast of Bristol. Her mother Anne was half-French and half-Scottish. Her parents first met on a train departing from King's Cross Station bound for Arbroath in 1964. They married on 14 March 1965. Her mother's maternal grandfather, Dugald Campbell, was born in Lamlash on the Isle of Arran. Her mother's paternal grandfather, Louis Volant, was awarded the Croix de Guerre for exceptional bravery in defending the village of Courcelles-le-Comte during the First World War.Rowling's sister Dianne was born at their home when Rowling was 23 months old. The family moved to the nearby village Winterbourne when Rowling was four. She attended St Michael's Primary School, a school founded by abolitionist William Wilberforce and education reformer Hannah More. Her headmaster at St Michael's, Alfred Dunn, has been suggested as the inspiration for the Harry Potter headmaster Albus Dumbledore.As a child, Rowling often wrote fantasy stories, which she would usually then read to her sister. She recalls that: ""I can still remember me telling her a story in which she fell down a rabbit hole and was fed strawberries by the rabbit family inside it. Certainly the first story I ever wrote down (when I was five or six) was about a rabbit called Rabbit. He got the measles and was visited by his friends, including a giant bee called Miss Bee."" At the age of nine, Rowling moved to Church Cottage in the Gloucestershire village of Tutshill, close to Chepstow, Wales. When she was a young teenager, her great aunt, who Rowling said ""taught classics and approved of a thirst for knowledge, even of a questionable kind,"" gave her a very old copy of Jessica Mitford's autobiography, Hons and Rebels. Mitford became Rowling's heroine, and Rowling subsequently read all of her books.Rowling has said of her teenage years, in an interview with The New Yorker, ""I wasn’t particularly happy. I think it’s a dreadful time of life."" She had a difficult homelife; her mother was ill and she had a difficult relationship with her father (she is no longer on speaking terms with him). She attended secondary school at Wyedean School and College, where her mother had worked as a technician in the science department. Rowling said of her adolescence, ""Hermione [a bookish, know-it-all Harry Potter character] is loosely based on me. She's a caricature of me when I was eleven, which I'm not particularly proud of."" Steve Eddy, who taught Rowling English when she first arrived, remembers her as ""not exceptional"" but ""one of a group of girls who were bright, and quite good at English."" Sean Harris, her best friend in the Upper Sixth owned a turquoise Ford Anglia, which she says inspired the one in her books."
"“The truth is, everyone is going to hurt you. You just got to find the ones worth suffering for.”",Bob Marley,https://quotes.toscrape.com/author/Bob-Marley,friendship,1945-02-06,"in Nine Mile, Saint Ann, Jamaica","Robert ""Bob"" Nesta Marley OM was a Jamaican singer, songwriter, guitarist, and activist. He was the frontman, lead singer, songwriter and guitarist for the ska, rocksteady and reggae bands: The Wailers (1964 – 1974) and Bob Marley & the Wailers (1974 - 1981). He is the most widely known performer of ska/reggae music, and is often credited for helping spread Jamaican music to the worldwide audience.Marley's best known hits includes ""I Shot the Sheriff"", ""No Woman, No Cry"", ""Exodus"", ""Could You Be Loved"", ""Stir It Up"", ""Jamming"", ""Redemption Song"", and ""One Love"", as well as the posthumous releases ""Buffalo Soldier"" och ""Iron Lion Zion"". The compilation album, Legend, released in 1984, three years after Marley's death, is the best-selling reggae album ever (10 times platinum), with sales of more than 12 million copies."
“Not all of us can do great things. But we can do small things with great love.”,Mother Teresa,https://quotes.toscrape.com/author/Mother-Teresa,misattributed-to-mother-teresa;paraphrased,1910-08-26,"in Skopje, Macedonia, the Former Yugoslav Republic of","Blessed Teresa of Calcutta, or Mother Teresa, born Agnes Gonxha Bojaxhiu was an Albanian Roman Catholic nun who founded the Missionaries of Charity in Kolkata (Calcutta), India in 1950. For over forty years she ministered to the poor, sick, orphaned, and dying, while guiding the Missionaries of Charity's expansion, first throughout India and then in other countries.By the 1970s she had become internationally famed as a humanitarian and advocate for the poor and helpless, due in part to a documentary, and book, Something Beautiful for God by Malcolm Muggeridge. She won the Nobel Peace Prize in 1979 and India's highest civilian honour, the Bharat Ratna, in 1980 for her humanitarian work. Mother Teresa's Missionaries of Charity continued to expand, and at the time of her death it was operating 610 missions in 123 countries, including hospices and homes for people with HIV/AIDS, leprosy and tuberculosis, soup kitchens, children's and family counseling programs, orphanages, and schools.Following her death she was beatified by Pope John Paul II and given the title Blessed Teresa of Calcutta."
"“To the well-organized mind, death is but the next great adventure.”",J.K. Rowling,https://quotes.toscrape.com/author/J-K-Rowling,death;inspirational,1965-07-31,"in Yate, South Gloucestershire, England, The United Kingdom","See also: Robert GalbraithAlthough she writes under the pen name J.K. Rowling, pronounced like rolling, her name when her first Harry Potter book was published was simply Joanne Rowling. Anticipating that the target audience of young boys might not want to read a book written by a woman, her publishers demanded that she use two initials, rather than her full name. As she had no middle name, she chose K as the second initial of her pen name, from her paternal grandmother Kathleen Ada Bulgen Rowling. She calls herself Jo and has said, ""No one ever called me 'Joanne' when I was young, unless they were angry."" Following her marriage, she has sometimes used the name Joanne Murray when conducting personal business. During the Leveson Inquiry she gave evidence under the name of Joanne Kathleen Rowling. In a 2012 interview, Rowling noted that she no longer cared that people pronounced her name incorrectly.Rowling was born to Peter James Rowling, a Rolls-Royce aircraft engineer, and Anne Rowling (née Volant), on 31 July 1965 in Yate, Gloucestershire, England, 10 miles (16 km) northeast of Bristol. Her mother Anne was half-French and half-Scottish. Her parents first met on a train departing from King's Cross Station bound for Arbroath in 1964. They married on 14 March 1965. Her mother's maternal grandfather, Dugald Campbell, was born in Lamlash on the Isle of Arran. Her mother's paternal grandfather, Louis Volant, was awarded the Croix de Guerre for exceptional bravery in defending the village of Courcelles-le-Comte during the First World War.Rowling's sister Dianne was born at their home when Rowling was 23 months old. The family moved to the nearby village Winterbourne when Rowling was four. She attended St Michael's Primary School, a school founded by abolitionist William Wilberforce and education reformer Hannah More. Her headmaster at St Michael's, Alfred Dunn, has been suggested as the inspiration for the Harry Potter headmaster Albus Dumbledore.As a child, Rowling often wrote fantasy stories, which she would usually then read to her sister. She recalls that: ""I can still remember me telling her a story in which she fell down a rabbit hole and was fed strawberries by the rabbit family inside it. Certainly the first story I ever wrote down (when I was five or six) was about a rabbit called Rabbit. He got the measles and was visited by his friends, including a giant bee called Miss Bee."" At the age of nine, Rowling moved to Church Cottage in the Gloucestershire village of Tutshill, close to Chepstow, Wales. When she was a young teenager, her great aunt, who Rowling said ""taught classics and approved of a thirst for knowledge, even of a questionable kind,"" gave her a very old copy of Jessica Mitford's autobiography, Hons and Rebels. Mitford became Rowling's heroine, and Rowling subsequently read all of her books.Rowling has said of her teenage years, in an interview with The New Yorker, ""I wasn’t particularly happy. I think it’s a dreadful time of life."" She had a difficult homelife; her mother was ill and she had a difficult relationship with her father (she is no longer on speaking terms with him). She attended secondary school at Wyedean School and College, where her mother had worked as a technician in the science department. Rowling said of her adolescence, ""Hermione [a bookish, know-it-all Harry Potter character] is loosely based on me. She's a caricature of me when I was eleven, which I'm not particularly proud of."" Steve Eddy, who taught Rowling English when she first arrived, remembers her as ""not exceptional"" but ""one of a group of girls who were bright, and quite good at English."" Sean Harris, her best friend in the Upper Sixth owned a turquoise Ford Anglia, which she says inspired the one in her books."
“All you need is love. But a little chocolate now and then doesn't hurt.”,Charles M. Schulz,https://quotes.toscrape.com/author/Charles-M-Schulz,chocolate;food;humor,1922-11-26,"in Minneapolis, MN, The United States","Charles Monroe Schulz was an American cartoonist, whose comic strip Peanuts proved one of the most popular and influential in the history of the medium, and is still widely reprinted on a daily basis.Schulz's first regular cartoons, Li'l Folks, were published from 1947 to 1950 by the St. Paul Pioneer Press; he first used the name Charlie Brown for a character there, although he applied the name in four gags to three different boys and one buried in sand. The series also had a dog that looked much like Snoopy. In 1948, Schulz sold a cartoon to The Saturday Evening Post; the first of 17 single-panel cartoons by Schulz that would be published there. In 1948, Schulz tried to have Li'l Folks syndicated through the Newspaper Enterprise Association. Schulz would have been an independent contractor for the syndicate, unheard of in the 1940s, but the deal fell through. Li'l Folks was dropped from the Pioneer Press in January, 1950.Later that year, Schulz approached the United Feature Syndicate with his best strips from Li'l Folks, and Peanuts made its first appearance on October 2, 1950. The strip became one of the most popular comic strips of all time. He also had a short-lived sports-oriented comic strip called It's Only a Game (1957–1959), but he abandoned it due to the demands of the successful Peanuts. From 1956 to 1965 he contributed a single-panel strip (""Young Pillars"") featuring teenagers to Youth, a publication associated with the Church of God.Peanuts ran for nearly 50 years, almost without interruption; during the life of the strip, Schulz took only one vacation, a five-week break in late 1997. At its peak, Peanuts appeared in more than 2,600 newspapers in 75 countries. Schulz stated that his routine every morning consisted of eating a jelly donut and sitting down to write the day's strip. After coming up with an idea (which he said could take anywhere from a few minutes to a few hours), he began drawing it, which took about an hour for dailies and three hours for Sunday strips. He stubbornly refused to hire an inker or letterer, saying that ""it would be equivalent to a golfer hiring a man to make his putts for him."" In November 1999 Schulz suffered a stroke, and later it was discovered that he had colon cancer that had metastasized. Because of the chemotherapy and the fact he could not read or see clearly, he announced his retirement on December 14, 1999. Schulz often touched on religious themes in his work, including the classic television cartoon, A Charlie Brown Christmas (1965), which features the character Linus van Pelt quoting the King James Version of the Bible Luke 2:8-14 to explain ""what Christmas is all about."" In personal interviews Schulz mentioned that Linus represented his spiritual side. Schulz, reared in the Lutheran faith, had been active in the Church of God as a young adult and then later taught Sunday school at a United Methodist Church. In the 1960s, Robert L. Short interpreted certain themes and conversations in Peanuts as being consistent with parts of Christian theology, and used them as illustrations during his lectures about the gospel, as he explained in his bestselling paperback book, The Gospel According to Peanuts, the first of several books he wrote on religion and Peanuts, and other popular culture items.From the late 1980s, however, Schulz described himself in interviews as a ""secular humanist"": “I do not go to church anymore... I guess you might say I've come around to secular humanism, an obligation I believe all humans have to others and the world we live in.”"
“We read to know we're not alone.”,William Nicholson,https://quotes.toscrape.com/author/William-Nicholson,misattributed-to-c-s-lewis;reading,1948-01-12,"in Lewes, Sussex, The United Kingdom","Librarian Note: There is more than one author in the GoodReads database with this name. See this thread for more information. William Nicholson was born in 1948, and grew up in Sussex and Gloucestershire. His plays for television include Shadowlands and Life Story , both of which won the BAFTA Best Television Drama award in their year; other award-winners were Sweet As You Are and The March . In 1988 he received the Royal Television Society's Writer's Award. His first play, an adaptation of Shadowlands for the stage, was Evening Standard Best Play of 1990, and went on to a Tony Award winning run on Broadway. He was nominated for an Oscar for the screenplay of the film version, which was directed by Richard Attenborough and starred Anthony Hopkins and Debra Winger.Since then he has written more films - Sarafina, Nell, First Knight, Grey Owl , and Gladiator (as co-writer), for which he received a second Oscar nomination. He has written and directed his own film, Firelight ; and three further stage plays, Map of the Heart , Katherine Howard and The Retreat from Moscow , which ran for five months on Broadway and received three Tony Award nominations.His novel for older children, The Wind Singer, won the Smarties Prize Gold Award on publication in 2000, and the Blue Peter Book of the Year Award in 2001. Its sequel, Slaves of the Mastery , was published in May 2001, and the final volume in the trilogy, Firesong , in May 2002. The trilogy has been sold in every major foreign market, from the US to China.He is now at work on a new sequence of novels for older children, called The Noble Warriors . The first book, Seeker , was published in the UK in September 2005.The second book, Jango, in 2006 and the third book NOMAN, will be published in September 2007.His novels for adults are The Society of Others (April 2004) and The Trial of True Love (April 2005).He lives in Sussex with his wife Virginia and their three children.from williamnicholson.co.uk"
“Any fool can know. The point is to understand.”,Albert Einstein,https://quotes.toscrape.com/author/Albert-Einstein,knowledge;learning;understanding;wisdom,1879-03-14,"in Ulm, Germany","In 1879, Albert Einstein was born in Ulm, Germany. He completed his Ph.D. at the University of Zurich by 1909. His 1905 paper explaining the photoelectric effect, the basis of electronics, earned him the Nobel Prize in 1921. His first paper on Special Relativity Theory, also published in 1905, changed the world. After the rise of the Nazi party, Einstein made Princeton his permanent home, becoming a U.S. citizen in 1940. Einstein, a pacifist during World War I, stayed a firm proponent of social justice and responsibility. He chaired the Emergency Committee of Atomic Scientists, which organized to alert the public to the dangers of atomic warfare.At a symposium, he advised: ""In their struggle for the ethical good, teachers of religion must have the stature to give up the doctrine of a personal God, that is, give up that source of fear and hope which in the past placed such vast power in the hands of priests. In their labors they will have to avail themselves of those forces which are capable of cultivating the Good, the True, and the Beautiful in humanity itself. This is, to be sure a more difficult but an incomparably more worthy task . . . "" (""Science, Philosophy and Religion, A Symposium,"" published by the Conference on Science, Philosophy and Religion in their Relation to the Democratic Way of Life, Inc., New York, 1941). In a letter to philosopher Eric Gutkind, dated Jan. 3, 1954, Einstein stated: ""The word god is for me nothing more than the expression and product of human weaknesses, the Bible a collection of honorable, but still primitive legends which are nevertheless pretty childish. No interpretation no matter how subtle can (for me) change this,"" (The Guardian, ""Childish superstition: Einstein's letter makes view of religion relatively clear,"" by James Randerson, May 13, 2008). D. 1955.While best known for his mass–energy equivalence formula E = mc2 (which has been dubbed ""the world's most famous equation""), he received the 1921 Nobel Prize in Physics ""for his services to theoretical physics, and especially for his discovery of the law of the photoelectric effect"". The latter was pivotal in establishing quantum theory.Einstein thought that Newtonion mechanics was no longer enough to reconcile the laws of classical mechanics with the laws of the electromagnetic field. This led to the development of his special theory of relativity. He realized, however, that the principle of relativity could also be extended to gravitational fields, and with his subsequent theory of gravitation in 1916, he published a paper on the general theory of relativity. He continued to deal with problems of statistical mechanics and quantum theory, which led to his explanations of particle theory and the motion of molecules. He also investigated the thermal properties of light which laid the foundation of the photon theory of light.He was visiting the United States when Adolf Hitler came to power in 1933 and did not go back to Germany. On the eve of World War II, he endorsed a letter to President Franklin D. Roosevelt alerting him to the potential development of ""extremely powerful bombs of a new type"" and recommending that the U.S. begin similar research. This eventually led to what would become the Manhattan Project. Einstein supported defending the Allied forces, but largely denounced the idea of using the newly discovered nuclear fission as a weapon. Later, with Bertrand Russell, Einstein signed the Russell–Einstein Manifesto, which highlighted the danger of nuclear weapons. Einstein was affiliated with the Institute for Advanced Study in Princeton, New Jersey, until his death in 1955.His great intellectual achievements and originality have made the word ""Einstein"" synonymous with genius.More: http://en.wikipedia.org/wiki/Albert_E...http://www.nobelprize.org/nobel_prize..."
“I have always imagined that Paradise will be a kind of library.”,Jorge Luis Borges,https://quotes.toscrape.com/author/Jorge-Luis-Borges,books;library,1899-08-24,"in Buenos Aires, Argentina","Jorge Francisco Isidoro Luis Borges Acevedo (Spanish pronunciation: [xoɾxe lwis boɾxes], Russian: Хорхе Луис Борхес) was an Argentine writer and poet born in Buenos Aires. In 1914, his family moved to Switzerland where he attended school and traveled to Spain. On his return to Argentina in 1921, Borges began publishing his poems and essays in Surrealist literary journals. He also worked as a librarian and public lecturer. Borges was fluent in several languages. He was a target of political persecution during the Peron regime and supported the military juntas that overthrew it.Due to a hereditary condition, Borges became blind in his late fifties. In 1955, he was appointed director of the National Public Library (Biblioteca Nacional) and professor of Literature at the University of Buenos Aires. In 1961, he came to international attention when he received the first International Publishers' Prize Prix Formentor. His work was translated and published widely in the United States and in Europe. He died in Geneva, Switzerland, in 1986.J. M. Coetzee said of Borges: ""He, more than anyone, renovated the language of fiction and thus opened the way to a remarkable generation of Spanish American novelists."""
“It is never too late to be what you might have been.”,George Eliot,https://quotes.toscrape.com/author/George-Eliot,inspirational,1819-11-22,"in South Farm, Arbury Hall, Nuneaton, Warwickshire, The United Kingdom","In 1819, novelist George Eliot (nee Mary Ann Evans), was born at a farmstead in Nuneaton, Warwickshire, England, where her father was estate manager. Mary Ann, the youngest child and a favorite of her father's, received a good education for a young woman of her day. Influenced by a favorite governess, she became a religious evangelical as an adolescent. Her first published work was a religious poem. Through a family friend, she was exposed to Charles Hennell's An Inquiry into the Origins of Christianity. Unable to believe, she conscientiously gave up religion and stopped attending church. Her father shunned her, sending the broken-hearted young dependent to live with a sister until she promised to reexamine her feelings. Her intellectual views did not, however, change. She translated David Strauss' Das Leben Jesu, a monumental task, without signing her name to the 1846 work. After her father's death in 1849, Mary Ann traveled, then accepted an unpaid position with The Westminster Review. Despite a heavy workload, she translated Ludwig Feuerbach's The Essence of Christianity, the only book ever published under her real name. That year, the shy, respectable writer scandalized British society by sending notices to friends announcing she had entered a free ""union"" with George Henry Lewes, editor of The Leader, who was unable to divorce his first wife. They lived harmoniously together for the next 24 years, but suffered social ostracism and financial hardship. She became salaried and began writing essays and reviews for The Westminster Review. Renaming herself ""Marian"" in private life and adopting the nom de plume ""George Eliot,"" she began her impressive fiction career, including: Adam Bede (1859), The Mill on the Floss (1860), Silas Marner (1861), Romola (1863), and Middlemarch (1871). Themes included her humanist vision and strong heroines. Her poem, ""O May I Join the Choir Invisible"" expressed her views about non supernatural immortality: ""O may I join the choir invisible/ Of those immortal dead who live again/ In minds made better by their presence. . ."" D. 1880.Her 1872 work Middlemarch has been described by Martin Amis and Julian Barnes as the greatest novel in the English language.More: http://en.wikipedia.org/wiki/George_E...http://www.bbc.co.uk/history/historic...http://www.britannica.com/EBchecked/t...http://www.victorianweb.org/victorian...http://www.biography.com/people/georg...http://www.pbs.org/wgbh/masterpiece/d..."