source,iteration,elements,unique_records,growth,duration_s,timestamp,url,status
scrapingcourse,0,12,12,12,1.070004,2026-10-07T15:30:57.592164+00:00,https://www.scrapingcourse.com/infinite-scrolling,200
scrapingcourse,1,12,12,0,0.462928,2026-10-07T15:30:58.420061+00:00,https://www.scrapingcourse.com/ajax/products?offset=0,200
scrapingcourse,2,12,22,10,0.452689,2026-10-07T15:30:59.224494+00:00,https://www.scrapingcourse.com/ajax/products?offset=10,200
scrapingcourse,3,12,32,10,0.377071,2026-10-07T15:30:59.951404+00:00,https://www.scrapingcourse.com/ajax/products?offset=20,200
scrapingcourse,4,12,42,10,0.458676,2026-10-07T15:31:00.767441+00:00,https://www.scrapingcourse.com/ajax/products?offset=30,200
scrapingcourse,5,12,52,10,0.56892,2026-10-07T15:31:01.691094+00:00,https://www.scrapingcourse.com/ajax/products?offset=40,200
scrapingcourse,6,12,62,10,0.443161,2026-10-07T15:31:02.489440+00:00,https://www.scrapingcourse.com/ajax/products?offset=50,200
scrapingcourse,7,12,72,10,0.405505,2026-10-07T15:31:03.256086+00:00,https://www.scrapingcourse.com/ajax/products?offset=60,200
scrapingcourse,8,12,82,10,0.393176,2026-10-07T15:31:04.012660+00:00,https://www.scrapingcourse.com/ajax/products?offset=70,200
scrapingcourse,9,12,92,10,0.468296,2026-10-07T15:31:04.845291+00:00,https://www.scrapingcourse.com/ajax/products?offset=80,200
scrapingcourse,10,12,102,10,0.382704,2026-10-07T15:31:05.589206+00:00,https://www.scrapingcourse.com/ajax/products?offset=90,200
scrapingcourse,11,12,112,10,0.368869,2026-10-07T15:31:06.307725+00:00,https://www.scrapingcourse.com/ajax/products?offset=100,200
scrapingcourse,12,12,122,10,0.445253,2026-10-07T15:31:07.104726+00:00,https://www.scrapingcourse.com/ajax/products?offset=110,200
scrapingcourse,13,12,132,10,0.454659,2026-10-07T15:31:07.920384+00:00,https://www.scrapingcourse.com/ajax/products?offset=120,200
scrapingcourse,14,12,142,10,0.460237,2026-10-07T15:31:08.730915+00:00,https://www.scrapingcourse.com/ajax/products?offset=130,200
scrapingcourse,15,7,147,5,0.419516,2026-10-07T15:31:09.515027+00:00,https://www.scrapingcourse.com/ajax/products?offset=140,200
scrapingcourse,16,0,147,0,0.415616,2026-10-07T15:31:10.289938+00:00,https://www.scrapingcourse.com/ajax/products?offset=150,204
scrapingsandbox,0,20,20,20,0.839,2026-10-07T15:31:13.483902+00:00,https://scrapingsandbox.com/infinite-scroll,ok
scrapingsandbox,1,40,40,20,0.8394010000000001,2026-10-07T15:31:14.568424+00:00,https://scrapingsandbox.com/infinite-scroll,ok
scrapingsandbox,2,60,60,20,0.821761,2026-10-07T15:31:15.679032+00:00,https://scrapingsandbox.com/infinite-scroll,ok
scrapingsandbox,3,80,80,20,0.834767,2026-10-07T15:31:16.762389+00:00,https://scrapingsandbox.com/infinite-scroll,ok
scrapingsandbox,4,100,100,20,0.866043,2026-10-07T15:31:17.896197+00:00,https://scrapingsandbox.com/infinite-scroll,ok
scrapingsandbox,5,120,120,20,0.830877,2026-10-07T15:31:18.991008+00:00,https://scrapingsandbox.com/infinite-scroll,ok
scrapingsandbox,6,140,140,20,0.838731,2026-10-07T15:31:20.085798+00:00,https://scrapingsandbox.com/infinite-scroll,ok
scrapingsandbox,7,160,160,20,0.831715,2026-10-07T15:31:21.205467+00:00,https://scrapingsandbox.com/infinite-scroll,ok
scrapingsandbox,8,180,180,20,0.8350529999999999,2026-10-07T15:31:22.310428+00:00,https://scrapingsandbox.com/infinite-scroll,ok
scrapingsandbox,9,200,200,20,0.019844,2026-10-07T15:31:23.407244+00:00,https://scrapingsandbox.com/infinite-scroll,ok
