key,source,sku,title,price,currency,url,category,image_url
scrapingcourse:chaz-kangeroo-hoodie,scrapingcourse,chaz-kangeroo-hoodie,Chaz Kangeroo Hoodie,52.0,USD,https://scrapingcourse.com/ecommerce/product/chaz-kangeroo-hoodie,,https://scrapingcourse.com/ecommerce/wp-content/uploads/2024/03/mh01-gray_main.jpg
scrapingcourse:teton-pullover-hoodie,scrapingcourse,teton-pullover-hoodie,Teton Pullover Hoodie,70.0,USD,https://scrapingcourse.com/ecommerce/product/teton-pullover-hoodie,,https://scrapingcourse.com/ecommerce/wp-content/uploads/2024/03/mh02-black_main.jpg
scrapingcourse:bruno-compete-hoodie,scrapingcourse,bruno-compete-hoodie,Bruno Compete Hoodie,63.0,USD,https://scrapingcourse.com/ecommerce/product/bruno-compete-hoodie,,https://scrapingcourse.com/ecommerce/wp-content/uploads/2024/03/mh03-black_main.jpg
scrapingcourse:frankie--sweatshirt,scrapingcourse,frankie--sweatshirt,Frankie Sweatshirt,60.0,USD,https://scrapingcourse.com/ecommerce/product/frankie--sweatshirt,,https://scrapingcourse.com/ecommerce/wp-content/uploads/2024/03/mh04-green_main.jpg
scrapingcourse:hollister-backyard-sweatshirt,scrapingcourse,hollister-backyard-sweatshirt,Hollister Backyard Sweatshirt,52.0,USD,https://scrapingcourse.com/ecommerce/product/hollister-backyard-sweatshirt,,https://scrapingcourse.com/ecommerce/wp-content/uploads/2024/03/mh05-white_main.jpg
scrapingcourse:stark-fundamental-hoodie,scrapingcourse,stark-fundamental-hoodie,Stark Fundamental Hoodie,42.0,USD,https://scrapingcourse.com/ecommerce/product/stark-fundamental-hoodie,,https://scrapingcourse.com/ecommerce/wp-content/uploads/2024/03/mh06-blue_main.jpg
scrapingcourse:hero-hoodie,scrapingcourse,hero-hoodie,Hero Hoodie,54.0,USD,https://scrapingcourse.com/ecommerce/product/hero-hoodie,,https://scrapingcourse.com/ecommerce/wp-content/uploads/2024/03/mh07-gray_main.jpg
scrapingcourse:oslo-trek-hoodie,scrapingcourse,oslo-trek-hoodie,Oslo Trek Hoodie,42.0,USD,https://scrapingcourse.com/ecommerce/product/oslo-trek-hoodie,,https://scrapingcourse.com/ecommerce/wp-content/uploads/2024/03/mh08-brown_main.jpg
scrapingcourse:abominable-hoodie,scrapingcourse,abominable-hoodie,Abominable Hoodie,69.0,USD,https://scrapingcourse.com/ecommerce/product/abominable-hoodie,,https://scrapingcourse.com/ecommerce/wp-content/uploads/2024/03/mh09-blue_main.jpg
scrapingcourse:mach-street-sweatshirt,scrapingcourse,mach-street-sweatshirt,Mach Street Sweatshirt,62.0,USD,https://scrapingcourse.com/ecommerce/product/mach-street-sweatshirt,,https://scrapingcourse.com/ecommerce/wp-content/uploads/2024/03/mh10-blue_main.jpg
scrapingcourse:grayson-crewneck-sweatshirt,scrapingcourse,grayson-crewneck-sweatshirt,Grayson Crewneck Sweatshirt,64.0,USD,https://scrapingcourse.com/ecommerce/product/grayson-crewneck-sweatshirt,,https://scrapingcourse.com/ecommerce/wp-content/uploads/2024/03/mh11-white_main.jpg
scrapingcourse:ajax-full-zip-sweatshirt,scrapingcourse,ajax-full-zip-sweatshirt,Ajax Full-Zip Sweatshirt,69.0,USD,https://scrapingcourse.com/ecommerce/product/ajax-full-zip-sweatshirt,,https://scrapingcourse.com/ecommerce/wp-content/uploads/2024/03/mh12-green_main.jpg
scrapingcourse:marco-lightweight-active-hoodie,scrapingcourse,marco-lightweight-active-hoodie,Marco Lightweight Active Hoodie,74.0,USD,https://scrapingcourse.com/ecommerce/product/marco-lightweight-active-hoodie,,https://scrapingcourse.com/ecommerce/wp-content/uploads/2024/03/mh13-blue_main.jpg
scrapingcourse:beaumont-summit-kit,scrapingcourse,beaumont-summit-kit,Beaumont Summit Kit,42.0,USD,https://scrapingcourse.com/ecommerce/product/beaumont-summit-kit,,https://scrapingcourse.com/ecommerce/wp-content/uploads/2024/03/mj01-yellow_main.jpg
scrapingcourse:hyperion-elements-jacket,scrapingcourse,hyperion-elements-jacket,Hyperion Elements Jacket,51.0,USD,https://scrapingcourse.com/ecommerce/product/hyperion-elements-jacket,,https://scrapingcourse.com/ecommerce/wp-content/uploads/2024/03/mj02-green_main.jpg
scrapingcourse:montana-wind-jacket,scrapingcourse,montana-wind-jacket,Montana Wind Jacket,49.0,USD,https://scrapingcourse.com/ecommerce/product/montana-wind-jacket,,https://scrapingcourse.com/ecommerce/wp-content/uploads/2024/03/mj03-black_main.jpg
scrapingcourse:kenobi-trail-jacket,scrapingcourse,kenobi-trail-jacket,Kenobi Trail Jacket,47.0,USD,https://scrapingcourse.com/ecommerce/product/kenobi-trail-jacket,,https://scrapingcourse.com/ecommerce/wp-content/uploads/2024/03/mj04-black_main.jpg
scrapingcourse:jupiter-all-weather-trainer,scrapingcourse,jupiter-all-weather-trainer,Jupiter All-Weather Trainer,56.99,USD,https://scrapingcourse.com/ecommerce/product/jupiter-all-weather-trainer,,https://scrapingcourse.com/ecommerce/wp-content/uploads/2024/03/mj06-blue_main.jpg
scrapingcourse:orion-two-tone-fitted-jacket,scrapingcourse,orion-two-tone-fitted-jacket,Orion Two-Tone Fitted Jacket,72.0,USD,https://scrapingcourse.com/ecommerce/product/orion-two-tone-fitted-jacket,,https://scrapingcourse.com/ecommerce/wp-content/uploads/2024/03/mj07-red_main.jpg
scrapingcourse:lando-gym-jacket,scrapingcourse,lando-gym-jacket,Lando Gym Jacket,99.0,USD,https://scrapingcourse.com/ecommerce/product/lando-gym-jacket,,https://scrapingcourse.com/ecommerce/wp-content/uploads/2024/03/mj08-gray_main.jpg
scrapingcourse:taurus-elements-shell,scrapingcourse,taurus-elements-shell,Taurus Elements Shell,65.0,USD,https://scrapingcourse.com/ecommerce/product/taurus-elements-shell,,https://scrapingcourse.com/ecommerce/wp-content/uploads/2024/03/mj09-yellow_main.jpg
scrapingcourse:mars-heattech&trade;-pullover,scrapingcourse,mars-heattech&trade;-pullover,Mars HeatTech&trade; Pullover,66.0,USD,https://scrapingcourse.com/ecommerce/product/mars-heattech&trade;-pullover,,https://scrapingcourse.com/ecommerce/wp-content/uploads/2024/03/mj10-red_main.jpg
scrapingcourse:typhon-performance-fleece-lined-jacket,scrapingcourse,typhon-performance-fleece-lined-jacket,Typhon Performance Fleece-lined Jacket,60.0,USD,https://scrapingcourse.com/ecommerce/product/typhon-performance-fleece-lined-jacket,,https://scrapingcourse.com/ecommerce/wp-content/uploads/2024/03/mj11-black_main.jpg
scrapingcourse:proteus-fitness-jackshirt,scrapingcourse,proteus-fitness-jackshirt,Proteus Fitness Jackshirt,45.0,USD,https://scrapingcourse.com/ecommerce/product/proteus-fitness-jackshirt,,https://scrapingcourse.com/ecommerce/wp-content/uploads/2024/03/mj12-orange_main.jpg
scrapingcourse:caesar-warm-up-pant,scrapingcourse,caesar-warm-up-pant,Caesar Warm-Up Pant,35.0,USD,https://scrapingcourse.com/ecommerce/product/caesar-warm-up-pant,,https://scrapingcourse.com/ecommerce/wp-content/uploads/2024/03/mp01-gray_main.jpg
scrapingcourse:viktor-lumatech&trade;-pant,scrapingcourse,viktor-lumatech&trade;-pant,Viktor LumaTech&trade; Pant,46.0,USD,https://scrapingcourse.com/ecommerce/product/viktor-lumatech&trade;-pant,,https://scrapingcourse.com/ecommerce/wp-content/uploads/2024/03/mp02-gray_main.jpg
scrapingcourse:geo-insulated-jogging-pant,scrapingcourse,geo-insulated-jogging-pant,Geo Insulated Jogging Pant,51.0,USD,https://scrapingcourse.com/ecommerce/product/geo-insulated-jogging-pant,,https://scrapingcourse.com/ecommerce/wp-content/uploads/2024/03/mp03-black_main.jpg
scrapingcourse:supernova-sport-pant,scrapingcourse,supernova-sport-pant,Supernova Sport Pant,45.0,USD,https://scrapingcourse.com/ecommerce/product/supernova-sport-pant,,https://scrapingcourse.com/ecommerce/wp-content/uploads/2024/03/mp04-gray_main.jpg
scrapingcourse:kratos-gym-pant,scrapingcourse,kratos-gym-pant,Kratos Gym Pant,57.0,USD,https://scrapingcourse.com/ecommerce/product/kratos-gym-pant,,https://scrapingcourse.com/ecommerce/wp-content/uploads/2024/03/mp05-blue_main.jpg
scrapingcourse:mithra-warmup-pant,scrapingcourse,mithra-warmup-pant,Mithra Warmup Pant,28.0,USD,https://scrapingcourse.com/ecommerce/product/mithra-warmup-pant,,https://scrapingcourse.com/ecommerce/wp-content/uploads/2024/03/mp06-gray_main.jpg
scrapingcourse:thorpe-track-pant,scrapingcourse,thorpe-track-pant,Thorpe Track Pant,68.0,USD,https://scrapingcourse.com/ecommerce/product/thorpe-track-pant,,https://scrapingcourse.com/ecommerce/wp-content/uploads/2024/03/mp07-blue_main.jpg
scrapingcourse:zeppelin-yoga-pant,scrapingcourse,zeppelin-yoga-pant,Zeppelin Yoga Pant,82.0,USD,https://scrapingcourse.com/ecommerce/product/zeppelin-yoga-pant,,https://scrapingcourse.com/ecommerce/wp-content/uploads/2024/03/mp08-green_main.jpg
scrapingcourse:livingston-all-purpose-tight,scrapingcourse,livingston-all-purpose-tight,Livingston All-Purpose Tight,75.0,USD,https://scrapingcourse.com/ecommerce/product/livingston-all-purpose-tight,,https://scrapingcourse.com/ecommerce/wp-content/uploads/2024/03/mp09-blue_main.jpg
scrapingcourse:orestes-yoga-pant,scrapingcourse,orestes-yoga-pant,Orestes Yoga Pant,66.0,USD,https://scrapingcourse.com/ecommerce/product/orestes-yoga-pant,,https://scrapingcourse.com/ecommerce/wp-content/uploads/2024/03/mp10-black_main.jpg
scrapingcourse:aether-gym-pant,scrapingcourse,aether-gym-pant,Aether Gym Pant,74.0,USD,https://scrapingcourse.com/ecommerce/product/aether-gym-pant,,https://scrapingcourse.com/ecommerce/wp-content/uploads/2024/03/mp11-brown_main.jpg
scrapingcourse:cronus-yoga-pant,scrapingcourse,cronus-yoga-pant,Cronus Yoga Pant,48.0,USD,https://scrapingcourse.com/ecommerce/product/cronus-yoga-pant,,https://scrapingcourse.com/ecommerce/wp-content/uploads/2024/03/mp12-black_main.jpg
scrapingcourse:aero-daily-fitness-tee,scrapingcourse,aero-daily-fitness-tee,Aero Daily Fitness Tee,24.0,USD,https://scrapingcourse.com/ecommerce/product/aero-daily-fitness-tee,,https://scrapingcourse.com/ecommerce/wp-content/uploads/2024/03/ms01-blue_main.jpg
scrapingcourse:ryker-lumatech&trade;-tee-(v-neck),scrapingcourse,ryker-lumatech&trade;-tee-(v-neck),Ryker LumaTech&trade; Tee (V-neck),28.0,USD,https://scrapingcourse.com/ecommerce/product/ryker-lumatech&trade;-tee-(v-neck),,https://scrapingcourse.com/ecommerce/wp-content/uploads/2024/03/ms02-gray_main.jpg
scrapingcourse:balboa-persistence-tee,scrapingcourse,balboa-persistence-tee,Balboa Persistence Tee,29.0,USD,https://scrapingcourse.com/ecommerce/product/balboa-persistence-tee,,https://scrapingcourse.com/ecommerce/wp-content/uploads/2024/03/ms03-black_main.jpg
scrapingcourse:gobi-heattec&reg;-tee,scrapingcourse,gobi-heattec&reg;-tee,Gobi HeatTec&reg; Tee,29.0,USD,https://scrapingcourse.com/ecommerce/product/gobi-heattec&reg;-tee,,https://scrapingcourse.com/ecommerce/wp-content/uploads/2024/03/ms04-orange_main.jpg
scrapingcourse:helios-evercool&trade;-tee,scrapingcourse,helios-evercool&trade;-tee,Helios EverCool&trade; Tee,24.0,USD,https://scrapingcourse.com/ecommerce/product/helios-evercool&trade;-tee,,https://scrapingcourse.com/ecommerce/wp-content/uploads/2024/03/ms05-blue_main.jpg
scrapingcourse:zoltan-gym-tee,scrapingcourse,zoltan-gym-tee,Zoltan Gym Tee,29.0,USD,https://scrapingcourse.com/ecommerce/product/zoltan-gym-tee,,https://scrapingcourse.com/ecommerce/wp-content/uploads/2024/03/ms06-blue_main.jpg
scrapingcourse:deion-long-sleeve-evercool&trade;-tee,scrapingcourse,deion-long-sleeve-evercool&trade;-tee,Deion Long-Sleeve EverCool&trade; Tee,39.0,USD,https://scrapingcourse.com/ecommerce/product/deion-long-sleeve-evercool&trade;-tee,,https://scrapingcourse.com/ecommerce/wp-content/uploads/2024/03/ms07-green_main.jpg
scrapingcourse:strike-endurance-tee,scrapingcourse,strike-endurance-tee,Strike Endurance Tee,39.0,USD,https://scrapingcourse.com/ecommerce/product/strike-endurance-tee,,https://scrapingcourse.com/ecommerce/wp-content/uploads/2024/03/ms08-black_main.jpg
scrapingcourse:ryker-lumatech&trade;-tee-(crew-neck),scrapingcourse,ryker-lumatech&trade;-tee-(crew-neck),Ryker LumaTech&trade; Tee (Crew-neck),32.0,USD,https://scrapingcourse.com/ecommerce/product/ryker-lumatech&trade;-tee-(crew-neck),,https://scrapingcourse.com/ecommerce/wp-content/uploads/2024/03/ms09-blue_main.jpg
scrapingcourse:logan--heattec&reg;-tee,scrapingcourse,logan--heattec&reg;-tee,Logan HeatTec&reg; Tee,24.0,USD,https://scrapingcourse.com/ecommerce/product/logan--heattec&reg;-tee,,https://scrapingcourse.com/ecommerce/wp-content/uploads/2024/03/ms10-blue_main.jpg
scrapingcourse:atomic-endurance-running-tee-(v-neck),scrapingcourse,atomic-endurance-running-tee-(v-neck),Atomic Endurance Running Tee (V-neck),28.0,USD,https://scrapingcourse.com/ecommerce/product/atomic-endurance-running-tee-(v-neck),,https://scrapingcourse.com/ecommerce/wp-content/uploads/2024/03/ms11-green_main.jpg
scrapingcourse:atomic-endurance-running-tee-(crew-neck),scrapingcourse,atomic-endurance-running-tee-(crew-neck),Atomic Endurance Running Tee (Crew-Neck),29.0,USD,https://scrapingcourse.com/ecommerce/product/atomic-endurance-running-tee-(crew-neck),,https://scrapingcourse.com/ecommerce/wp-content/uploads/2024/03/ms12-red_main.jpg
scrapingcourse:cobalt-cooltech&trade;-fitness-short,scrapingcourse,cobalt-cooltech&trade;-fitness-short,Cobalt CoolTech&trade; Fitness Short,44.0,USD,https://scrapingcourse.com/ecommerce/product/cobalt-cooltech&trade;-fitness-short,,https://scrapingcourse.com/ecommerce/wp-content/uploads/2024/03/msh01-blue_main.jpg
scrapingcourse:apollo-running-short,scrapingcourse,apollo-running-short,Apollo Running Short,32.5,USD,https://scrapingcourse.com/ecommerce/product/apollo-running-short,,https://scrapingcourse.com/ecommerce/wp-content/uploads/2024/03/msh02-black_main.jpg
scrapingcourse:meteor-workout-short,scrapingcourse,meteor-workout-short,Meteor Workout Short,32.5,USD,https://scrapingcourse.com/ecommerce/product/meteor-workout-short,,https://scrapingcourse.com/ecommerce/wp-content/uploads/2024/03/msh03-blue_main.jpg
scrapingcourse:torque-power-short,scrapingcourse,torque-power-short,Torque Power Short,32.5,USD,https://scrapingcourse.com/ecommerce/product/torque-power-short,,https://scrapingcourse.com/ecommerce/wp-content/uploads/2024/03/msh04-gray_main.jpg
scrapingcourse:hawkeye-yoga-short,scrapingcourse,hawkeye-yoga-short,Hawkeye Yoga Short,29.0,USD,https://scrapingcourse.com/ecommerce/product/hawkeye-yoga-short,,https://scrapingcourse.com/ecommerce/wp-content/uploads/2024/03/msh05-gray_main.jpg
scrapingcourse:lono-yoga-short,scrapingcourse,lono-yoga-short,Lono Yoga Short,32.0,USD,https://scrapingcourse.com/ecommerce/product/lono-yoga-short,,https://scrapingcourse.com/ecommerce/wp-content/uploads/2024/03/msh06-gray_main.jpg
scrapingcourse:rapha--sports-short,scrapingcourse,rapha--sports-short,Rapha Sports Short,35.0,USD,https://scrapingcourse.com/ecommerce/product/rapha--sports-short,,https://scrapingcourse.com/ecommerce/wp-content/uploads/2024/03/msh07-black_main.jpg
scrapingcourse:orestes-fitness-short,scrapingcourse,orestes-fitness-short,Orestes Fitness Short,35.0,USD,https://scrapingcourse.com/ecommerce/product/orestes-fitness-short,,https://scrapingcourse.com/ecommerce/wp-content/uploads/2024/03/msh08-black_main.jpg
scrapingcourse:troy-yoga-short,scrapingcourse,troy-yoga-short,Troy Yoga Short,24.0,USD,https://scrapingcourse.com/ecommerce/product/troy-yoga-short,,https://scrapingcourse.com/ecommerce/wp-content/uploads/2024/03/msh09-blue_main.jpg
scrapingcourse:sol-active-short,scrapingcourse,sol-active-short,Sol Active Short,32.0,USD,https://scrapingcourse.com/ecommerce/product/sol-active-short,,https://scrapingcourse.com/ecommerce/wp-content/uploads/2024/03/msh10-blue_main.jpg
scrapingcourse:arcadio-gym-short,scrapingcourse,arcadio-gym-short,Arcadio Gym Short,20.0,USD,https://scrapingcourse.com/ecommerce/product/arcadio-gym-short,,https://scrapingcourse.com/ecommerce/wp-content/uploads/2024/03/msh11-blue_main.jpg
scrapingcourse:pierce-gym-short,scrapingcourse,pierce-gym-short,Pierce Gym Short,27.0,USD,https://scrapingcourse.com/ecommerce/product/pierce-gym-short,,https://scrapingcourse.com/ecommerce/wp-content/uploads/2024/03/msh12-red_main.jpg
scrapingcourse:erikssen-cooltech&trade;-fitness-tank,scrapingcourse,erikssen-cooltech&trade;-fitness-tank,Erikssen CoolTech&trade; Fitness Tank,29.0,USD,https://scrapingcourse.com/ecommerce/product/erikssen-cooltech&trade;-fitness-tank,,https://scrapingcourse.com/ecommerce/wp-content/uploads/2024/03/mt01-red_main.jpg
scrapingcourse:tristan-endurance-tank,scrapingcourse,tristan-endurance-tank,Tristan Endurance Tank,29.0,USD,https://scrapingcourse.com/ecommerce/product/tristan-endurance-tank,,https://scrapingcourse.com/ecommerce/wp-content/uploads/2024/03/mt02-white_main.jpg
scrapingcourse:primo-endurance-tank,scrapingcourse,primo-endurance-tank,Primo Endurance Tank,29.0,USD,https://scrapingcourse.com/ecommerce/product/primo-endurance-tank,,https://scrapingcourse.com/ecommerce/wp-content/uploads/2024/03/mt03-red_main.jpg
scrapingcourse:helios-endurance-tank,scrapingcourse,helios-endurance-tank,Helios Endurance Tank,32.0,USD,https://scrapingcourse.com/ecommerce/product/helios-endurance-tank,,https://scrapingcourse.com/ecommerce/wp-content/uploads/2024/03/mt04-blue_main.jpg
scrapingcourse:rocco-gym-tank,scrapingcourse,rocco-gym-tank,Rocco Gym Tank,24.0,USD,https://scrapingcourse.com/ecommerce/product/rocco-gym-tank,,https://scrapingcourse.com/ecommerce/wp-content/uploads/2024/03/mt05-blue_main.jpg
scrapingcourse:vulcan-weightlifting-tank,scrapingcourse,vulcan-weightlifting-tank,Vulcan Weightlifting Tank,28.0,USD,https://scrapingcourse.com/ecommerce/product/vulcan-weightlifting-tank,,https://scrapingcourse.com/ecommerce/wp-content/uploads/2024/03/mt06-black_main.jpg
scrapingcourse:argus-all-weather-tank,scrapingcourse,argus-all-weather-tank,Argus All-Weather Tank,22.0,USD,https://scrapingcourse.com/ecommerce/product/argus-all-weather-tank,,https://scrapingcourse.com/ecommerce/wp-content/uploads/2024/03/mt07-gray_main.jpg
scrapingcourse:sparta-gym-tank,scrapingcourse,sparta-gym-tank,Sparta Gym Tank,29.0,USD,https://scrapingcourse.com/ecommerce/product/sparta-gym-tank,,https://scrapingcourse.com/ecommerce/wp-content/uploads/2024/03/mt08-green_main.jpg
scrapingcourse:sinbad-fitness-tank,scrapingcourse,sinbad-fitness-tank,Sinbad Fitness Tank,29.0,USD,https://scrapingcourse.com/ecommerce/product/sinbad-fitness-tank,,https://scrapingcourse.com/ecommerce/wp-content/uploads/2024/03/mt09-blue_main.jpg
scrapingcourse:tiberius-gym-tank,scrapingcourse,tiberius-gym-tank,Tiberius Gym Tank,18.0,USD,https://scrapingcourse.com/ecommerce/product/tiberius-gym-tank,,https://scrapingcourse.com/ecommerce/wp-content/uploads/2024/03/mt10-yellow_main.jpg
scrapingcourse:atlas-fitness-tank,scrapingcourse,atlas-fitness-tank,Atlas Fitness Tank,18.0,USD,https://scrapingcourse.com/ecommerce/product/atlas-fitness-tank,,https://scrapingcourse.com/ecommerce/wp-content/uploads/2024/03/mt11-blue_main.jpg
scrapingcourse:cassius-sparring-tank,scrapingcourse,cassius-sparring-tank,Cassius Sparring Tank,18.0,USD,https://scrapingcourse.com/ecommerce/product/cassius-sparring-tank,,https://scrapingcourse.com/ecommerce/wp-content/uploads/2024/03/mt12-blue_main.jpg
scrapingcourse:electra-bra-top,scrapingcourse,electra-bra-top,Electra Bra Top,39.0,USD,https://scrapingcourse.com/ecommerce/product/electra-bra-top,,https://scrapingcourse.com/ecommerce/wp-content/uploads/2024/03/wb01-gray_main.jpg
scrapingcourse:erica-evercool-sports-bra,scrapingcourse,erica-evercool-sports-bra,Erica Evercool Sports Bra,39.0,USD,https://scrapingcourse.com/ecommerce/product/erica-evercool-sports-bra,,https://scrapingcourse.com/ecommerce/wp-content/uploads/2024/03/wb02-blue_main.jpg
scrapingcourse:celeste-sports-bra,scrapingcourse,celeste-sports-bra,Celeste Sports Bra,39.0,USD,https://scrapingcourse.com/ecommerce/product/celeste-sports-bra,,https://scrapingcourse.com/ecommerce/wp-content/uploads/2024/03/wb03-green_main.jpg
scrapingcourse:prima-compete-bra-top,scrapingcourse,prima-compete-bra-top,Prima Compete Bra Top,24.0,USD,https://scrapingcourse.com/ecommerce/product/prima-compete-bra-top,,https://scrapingcourse.com/ecommerce/wp-content/uploads/2024/03/wb04-blue_main.jpg
scrapingcourse:lucia-cross-fit-bra,scrapingcourse,lucia-cross-fit-bra,Lucia Cross-Fit Bra,39.0,USD,https://scrapingcourse.com/ecommerce/product/lucia-cross-fit-bra,,https://scrapingcourse.com/ecommerce/wp-content/uploads/2024/03/wb05-black_main.jpg
scrapingcourse:mona-pullover-hoodlie,scrapingcourse,mona-pullover-hoodlie,Mona Pullover Hoodlie,57.0,USD,https://scrapingcourse.com/ecommerce/product/mona-pullover-hoodlie,,https://scrapingcourse.com/ecommerce/wp-content/uploads/2024/03/wh01-green_main.jpg
scrapingcourse:hera-pullover-hoodie,scrapingcourse,hera-pullover-hoodie,Hera Pullover Hoodie,48.0,USD,https://scrapingcourse.com/ecommerce/product/hera-pullover-hoodie,,https://scrapingcourse.com/ecommerce/wp-content/uploads/2024/03/wh02-blue_main.jpg
scrapingcourse:autumn-pullie,scrapingcourse,autumn-pullie,Autumn Pullie,57.0,USD,https://scrapingcourse.com/ecommerce/product/autumn-pullie,,https://scrapingcourse.com/ecommerce/wp-content/uploads/2024/03/wh03-red_main.jpg
scrapingcourse:miko-pullover-hoodie,scrapingcourse,miko-pullover-hoodie,Miko Pullover Hoodie,69.0,USD,https://scrapingcourse.com/ecommerce/product/miko-pullover-hoodie,,https://scrapingcourse.com/ecommerce/wp-content/uploads/2024/03/wh04-blue_main.jpg
scrapingcourse:selene-yoga-hoodie,scrapingcourse,selene-yoga-hoodie,Selene Yoga Hoodie,42.0,USD,https://scrapingcourse.com/ecommerce/product/selene-yoga-hoodie,,https://scrapingcourse.com/ecommerce/wp-content/uploads/2024/03/wh05-white_main.jpg
scrapingcourse:daphne-full-zip-hoodie,scrapingcourse,daphne-full-zip-hoodie,Daphne Full-Zip Hoodie,59.0,USD,https://scrapingcourse.com/ecommerce/product/daphne-full-zip-hoodie,,https://scrapingcourse.com/ecommerce/wp-content/uploads/2024/03/wh06-purple_main.jpg
scrapingcourse:phoebe-zipper-sweatshirt,scrapingcourse,phoebe-zipper-sweatshirt,Phoebe Zipper Sweatshirt,59.0,USD,https://scrapingcourse.com/ecommerce/product/phoebe-zipper-sweatshirt,,https://scrapingcourse.com/ecommerce/wp-content/uploads/2024/03/wh07-gray_main.jpg
scrapingcourse:cassia-funnel-sweatshirt,scrapingcourse,cassia-funnel-sweatshirt,Cassia Funnel Sweatshirt,48.0,USD,https://scrapingcourse.com/ecommerce/product/cassia-funnel-sweatshirt,,https://scrapingcourse.com/ecommerce/wp-content/uploads/2024/03/wh08-white_main.jpg
scrapingcourse:ariel-roll-sleeve-sweatshirt,scrapingcourse,ariel-roll-sleeve-sweatshirt,Ariel Roll Sleeve Sweatshirt,39.0,USD,https://scrapingcourse.com/ecommerce/product/ariel-roll-sleeve-sweatshirt,,https://scrapingcourse.com/ecommerce/wp-content/uploads/2024/03/wh09-purple_main.jpg
scrapingcourse:helena-hooded-fleece,scrapingcourse,helena-hooded-fleece,Helena Hooded Fleece,55.0,USD,https://scrapingcourse.com/ecommerce/product/helena-hooded-fleece,,https://scrapingcourse.com/ecommerce/wp-content/uploads/2024/03/wh10-gray_main.jpg
scrapingcourse:eos-v-neck-hoodie,scrapingcourse,eos-v-neck-hoodie,Eos V-Neck Hoodie,54.0,USD,https://scrapingcourse.com/ecommerce/product/eos-v-neck-hoodie,,https://scrapingcourse.com/ecommerce/wp-content/uploads/2024/03/wh11-blue_main.jpg
scrapingcourse:circe-hooded-ice-fleece,scrapingcourse,circe-hooded-ice-fleece,Circe Hooded Ice Fleece,68.0,USD,https://scrapingcourse.com/ecommerce/product/circe-hooded-ice-fleece,,https://scrapingcourse.com/ecommerce/wp-content/uploads/2024/03/wh12-gray_main.jpg
scrapingcourse:stellar-solar-jacket,scrapingcourse,stellar-solar-jacket,Stellar Solar Jacket,75.0,USD,https://scrapingcourse.com/ecommerce/product/stellar-solar-jacket,,https://scrapingcourse.com/ecommerce/wp-content/uploads/2024/03/wj01-red_main.jpg
scrapingcourse:josie-yoga-jacket,scrapingcourse,josie-yoga-jacket,Josie Yoga Jacket,56.25,USD,https://scrapingcourse.com/ecommerce/product/josie-yoga-jacket,,https://scrapingcourse.com/ecommerce/wp-content/uploads/2024/03/wj02-gray_main.jpg
scrapingcourse:augusta-pullover-jacket,scrapingcourse,augusta-pullover-jacket,Augusta Pullover Jacket,57.0,USD,https://scrapingcourse.com/ecommerce/product/augusta-pullover-jacket,,https://scrapingcourse.com/ecommerce/wp-content/uploads/2024/03/wj03-red_main.jpg
scrapingcourse:ingrid-running-jacket,scrapingcourse,ingrid-running-jacket,Ingrid Running Jacket,84.0,USD,https://scrapingcourse.com/ecommerce/product/ingrid-running-jacket,,https://scrapingcourse.com/ecommerce/wp-content/uploads/2024/03/wj04-white_main.jpg
scrapingcourse:riona-full-zip-jacket,scrapingcourse,riona-full-zip-jacket,Riona Full Zip Jacket,60.0,USD,https://scrapingcourse.com/ecommerce/product/riona-full-zip-jacket,,https://scrapingcourse.com/ecommerce/wp-content/uploads/2024/03/wj05-brown_main.jpg
scrapingcourse:juno-jacket,scrapingcourse,juno-jacket,Juno Jacket,77.0,USD,https://scrapingcourse.com/ecommerce/product/juno-jacket,,https://scrapingcourse.com/ecommerce/wp-content/uploads/2024/03/wj06-purple_main.jpg
scrapingcourse:inez-full-zip-jacket,scrapingcourse,inez-full-zip-jacket,Inez Full Zip Jacket,59.0,USD,https://scrapingcourse.com/ecommerce/product/inez-full-zip-jacket,,https://scrapingcourse.com/ecommerce/wp-content/uploads/2024/03/wj07-purple_main.jpg
scrapingcourse:adrienne-trek-jacket,scrapingcourse,adrienne-trek-jacket,Adrienne Trek Jacket,57.0,USD,https://scrapingcourse.com/ecommerce/product/adrienne-trek-jacket,,https://scrapingcourse.com/ecommerce/wp-content/uploads/2024/03/wj08-gray_main.jpg
scrapingcourse:jade-yoga-jacket,scrapingcourse,jade-yoga-jacket,Jade Yoga Jacket,32.0,USD,https://scrapingcourse.com/ecommerce/product/jade-yoga-jacket,,https://scrapingcourse.com/ecommerce/wp-content/uploads/2024/03/wj09-green_main.jpg
scrapingcourse:nadia-elements-shell,scrapingcourse,nadia-elements-shell,Nadia Elements Shell,69.0,USD,https://scrapingcourse.com/ecommerce/product/nadia-elements-shell,,https://scrapingcourse.com/ecommerce/wp-content/uploads/2024/03/wj10-yellow_main.jpg
scrapingcourse:neve-studio-dance-jacket,scrapingcourse,neve-studio-dance-jacket,Neve Studio Dance Jacket,69.0,USD,https://scrapingcourse.com/ecommerce/product/neve-studio-dance-jacket,,https://scrapingcourse.com/ecommerce/wp-content/uploads/2024/03/wj11-blue_main.jpg
scrapingcourse:4-zip-light-jacket,scrapingcourse,4-zip-light-jacket,Olivia 1/4 Zip Light Jacket,77.0,USD,https://scrapingcourse.com/ecommerce/product/olivia-1/4-zip-light-jacket,,https://scrapingcourse.com/ecommerce/wp-content/uploads/2024/03/wj12-blue_main.jpg
scrapingcourse:karmen-yoga-pant,scrapingcourse,karmen-yoga-pant,Karmen Yoga Pant,39.0,USD,https://scrapingcourse.com/ecommerce/product/karmen-yoga-pant,,https://scrapingcourse.com/ecommerce/wp-content/uploads/2024/03/wp01-gray_main.jpg
scrapingcourse:emma-leggings,scrapingcourse,emma-leggings,Emma Leggings,42.0,USD,https://scrapingcourse.com/ecommerce/product/emma-leggings,,https://scrapingcourse.com/ecommerce/wp-content/uploads/2024/03/wp02-blue_main.jpg
scrapingcourse:ida-workout-parachute-pant,scrapingcourse,ida-workout-parachute-pant,Ida Workout Parachute Pant,48.0,USD,https://scrapingcourse.com/ecommerce/product/ida-workout-parachute-pant,,https://scrapingcourse.com/ecommerce/wp-content/uploads/2024/03/wp03-blue_main.jpg
scrapingcourse:cora-parachute-pant,scrapingcourse,cora-parachute-pant,Cora Parachute Pant,75.0,USD,https://scrapingcourse.com/ecommerce/product/cora-parachute-pant,,https://scrapingcourse.com/ecommerce/wp-content/uploads/2024/03/wp04-blue_main.jpg
scrapingcourse:sahara-leggings,scrapingcourse,sahara-leggings,Sahara Leggings,75.0,USD,https://scrapingcourse.com/ecommerce/product/sahara-leggings,,https://scrapingcourse.com/ecommerce/wp-content/uploads/2024/03/wp05-gray_main.jpg
scrapingcourse:diana-tights,scrapingcourse,diana-tights,Diana Tights,59.0,USD,https://scrapingcourse.com/ecommerce/product/diana-tights,,https://scrapingcourse.com/ecommerce/wp-content/uploads/2024/03/wp06-black_main.jpg
scrapingcourse:aeon-capri,scrapingcourse,aeon-capri,Aeon Capri,48.0,USD,https://scrapingcourse.com/ecommerce/product/aeon-capri,,https://scrapingcourse.com/ecommerce/wp-content/uploads/2024/03/wp07-black_main.jpg
scrapingcourse:bardot-capri,scrapingcourse,bardot-capri,Bardot Capri,48.0,USD,https://scrapingcourse.com/ecommerce/product/bardot-capri,,https://scrapingcourse.com/ecommerce/wp-content/uploads/2024/03/wp08-black_main.jpg
scrapingcourse:carina-basic-capri,scrapingcourse,carina-basic-capri,Carina Basic Capri,51.0,USD,https://scrapingcourse.com/ecommerce/product/carina-basic-capri,,https://scrapingcourse.com/ecommerce/wp-content/uploads/2024/03/wp09-black_main.jpg
scrapingcourse:daria-bikram-pant,scrapingcourse,daria-bikram-pant,Daria Bikram Pant,51.0,USD,https://scrapingcourse.com/ecommerce/product/daria-bikram-pant,,https://scrapingcourse.com/ecommerce/wp-content/uploads/2024/03/wp10-gray_main.jpg
scrapingcourse:sylvia-capri,scrapingcourse,sylvia-capri,Sylvia Capri,42.0,USD,https://scrapingcourse.com/ecommerce/product/sylvia-capri,,https://scrapingcourse.com/ecommerce/wp-content/uploads/2024/03/wp11-green_main.jpg
scrapingcourse:deirdre-relaxed-fit-capri,scrapingcourse,deirdre-relaxed-fit-capri,Deirdre Relaxed-Fit Capri,63.0,USD,https://scrapingcourse.com/ecommerce/product/deirdre-relaxed-fit-capri,,https://scrapingcourse.com/ecommerce/wp-content/uploads/2024/03/wp12-gray_main.jpg
scrapingcourse:portia-capri,scrapingcourse,portia-capri,Portia Capri,49.0,USD,https://scrapingcourse.com/ecommerce/product/portia-capri,,https://scrapingcourse.com/ecommerce/wp-content/uploads/2024/03/wp13-orange_main.jpg
scrapingcourse:gwyn-endurance-tee,scrapingcourse,gwyn-endurance-tee,Gwyn Endurance Tee,24.0,USD,https://scrapingcourse.com/ecommerce/product/gwyn-endurance-tee,,https://scrapingcourse.com/ecommerce/wp-content/uploads/2024/03/ws01-black_main.jpg
scrapingcourse:gabrielle-micro-sleeve-top,scrapingcourse,gabrielle-micro-sleeve-top,Gabrielle Micro Sleeve Top,28.0,USD,https://scrapingcourse.com/ecommerce/product/gabrielle-micro-sleeve-top,,https://scrapingcourse.com/ecommerce/wp-content/uploads/2024/03/ws02-green_main.jpg
scrapingcourse:iris-workout-top,scrapingcourse,iris-workout-top,Iris Workout Top,29.0,USD,https://scrapingcourse.com/ecommerce/product/iris-workout-top,,https://scrapingcourse.com/ecommerce/wp-content/uploads/2024/03/ws03-red_main.jpg
scrapingcourse:layla-tee,scrapingcourse,layla-tee,Layla Tee,29.0,USD,https://scrapingcourse.com/ecommerce/product/layla-tee,,https://scrapingcourse.com/ecommerce/wp-content/uploads/2024/03/ws04-green_main.jpg
scrapingcourse:desiree-fitness-tee,scrapingcourse,desiree-fitness-tee,Desiree Fitness Tee,24.0,USD,https://scrapingcourse.com/ecommerce/product/desiree-fitness-tee,,https://scrapingcourse.com/ecommerce/wp-content/uploads/2024/03/ws05-black_main.jpg
scrapingcourse:elisa-evercool&trade;-tee,scrapingcourse,elisa-evercool&trade;-tee,Elisa EverCool&trade; Tee,29.0,USD,https://scrapingcourse.com/ecommerce/product/elisa-evercool&trade;-tee,,https://scrapingcourse.com/ecommerce/wp-content/uploads/2024/03/ws06-purple_main.jpg
scrapingcourse:juliana-short-sleeve-tee,scrapingcourse,juliana-short-sleeve-tee,Juliana Short-Sleeve Tee,42.0,USD,https://scrapingcourse.com/ecommerce/product/juliana-short-sleeve-tee,,https://scrapingcourse.com/ecommerce/wp-content/uploads/2024/03/ws07-black_main.jpg
scrapingcourse:minerva-lumatech&trade;-v-tee,scrapingcourse,minerva-lumatech&trade;-v-tee,Minerva LumaTech&trade; V-Tee,32.0,USD,https://scrapingcourse.com/ecommerce/product/minerva-lumatech&trade;-v-tee,,https://scrapingcourse.com/ecommerce/wp-content/uploads/2024/03/ws08-blue_main.jpg
scrapingcourse:tiffany-fitness-tee,scrapingcourse,tiffany-fitness-tee,Tiffany Fitness Tee,28.0,USD,https://scrapingcourse.com/ecommerce/product/tiffany-fitness-tee,,https://scrapingcourse.com/ecommerce/wp-content/uploads/2024/03/ws09-blue_main.jpg
scrapingcourse:karissa-v-neck-tee,scrapingcourse,karissa-v-neck-tee,Karissa V-Neck Tee,32.0,USD,https://scrapingcourse.com/ecommerce/product/karissa-v-neck-tee,,https://scrapingcourse.com/ecommerce/wp-content/uploads/2024/03/ws10-red_main.jpg
scrapingcourse:diva-gym-tee,scrapingcourse,diva-gym-tee,Diva Gym Tee,32.0,USD,https://scrapingcourse.com/ecommerce/product/diva-gym-tee,,https://scrapingcourse.com/ecommerce/wp-content/uploads/2024/03/ws11-yellow_main.jpg
scrapingcourse:radiant-tee,scrapingcourse,radiant-tee,Radiant Tee,22.0,USD,https://scrapingcourse.com/ecommerce/product/radiant-tee,,https://scrapingcourse.com/ecommerce/wp-content/uploads/2024/03/ws12-orange_main.jpg
scrapingcourse:fiona-fitness-short,scrapingcourse,fiona-fitness-short,Fiona Fitness Short,29.0,USD,https://scrapingcourse.com/ecommerce/product/fiona-fitness-short,,https://scrapingcourse.com/ecommerce/wp-content/uploads/2024/03/wsh01-black_main.jpg
scrapingcourse:maxima-drawstring-short,scrapingcourse,maxima-drawstring-short,Maxima Drawstring Short,28.0,USD,https://scrapingcourse.com/ecommerce/product/maxima-drawstring-short,,https://scrapingcourse.com/ecommerce/wp-content/uploads/2024/03/wsh02-gray_main.jpg
scrapingcourse:gwen-drawstring-bike-short,scrapingcourse,gwen-drawstring-bike-short,Gwen Drawstring Bike Short,50.0,USD,https://scrapingcourse.com/ecommerce/product/gwen-drawstring-bike-short,,https://scrapingcourse.com/ecommerce/wp-content/uploads/2024/03/wsh03-gray_main.jpg
scrapingcourse:artemis-running-short,scrapingcourse,artemis-running-short,Artemis Running Short,45.0,USD,https://scrapingcourse.com/ecommerce/product/artemis-running-short,,https://scrapingcourse.com/ecommerce/wp-content/uploads/2024/03/wsh04-black_main.jpg
scrapingcourse:bess-yoga-short,scrapingcourse,bess-yoga-short,Bess Yoga Short,28.0,USD,https://scrapingcourse.com/ecommerce/product/bess-yoga-short,,https://scrapingcourse.com/ecommerce/wp-content/uploads/2024/03/wsh05-blue_main.jpg
scrapingcourse:angel-light-running-short,scrapingcourse,angel-light-running-short,Angel Light Running Short,42.0,USD,https://scrapingcourse.com/ecommerce/product/angel-light-running-short,,https://scrapingcourse.com/ecommerce/wp-content/uploads/2024/03/wsh06-gray_main.jpg
scrapingcourse:echo-fit-compression-short,scrapingcourse,echo-fit-compression-short,Echo Fit Compression Short,24.0,USD,https://scrapingcourse.com/ecommerce/product/echo-fit-compression-short,,https://scrapingcourse.com/ecommerce/wp-content/uploads/2024/03/wsh07-black_main.jpg
scrapingcourse:sybil-running-short,scrapingcourse,sybil-running-short,Sybil Running Short,44.0,USD,https://scrapingcourse.com/ecommerce/product/sybil-running-short,,https://scrapingcourse.com/ecommerce/wp-content/uploads/2024/03/wsh08-purple_main.jpg
scrapingcourse:mimi-all-purpose-short,scrapingcourse,mimi-all-purpose-short,Mimi All-Purpose Short,44.0,USD,https://scrapingcourse.com/ecommerce/product/mimi-all-purpose-short,,https://scrapingcourse.com/ecommerce/wp-content/uploads/2024/03/wsh09-gray_main.jpg
scrapingcourse:ana-running-short,scrapingcourse,ana-running-short,Ana Running Short,40.0,USD,https://scrapingcourse.com/ecommerce/product/ana-running-short,,https://scrapingcourse.com/ecommerce/wp-content/uploads/2024/03/wsh10-black_main.jpg
scrapingcourse:ina-compression-short,scrapingcourse,ina-compression-short,Ina Compression Short,49.0,USD,https://scrapingcourse.com/ecommerce/product/ina-compression-short,,https://scrapingcourse.com/ecommerce/wp-content/uploads/2024/03/wsh11-blue_main.jpg
scrapingcourse:erika-running-short,scrapingcourse,erika-running-short,Erika Running Short,49.0,USD,https://scrapingcourse.com/ecommerce/product/erika-running-short,,https://scrapingcourse.com/ecommerce/wp-content/uploads/2024/03/wsh12-green_main.jpg
scrapingcourse:bella-tank,scrapingcourse,bella-tank,Bella Tank,29.0,USD,https://scrapingcourse.com/ecommerce/product/bella-tank,,https://scrapingcourse.com/ecommerce/wp-content/uploads/2024/03/wt01-blue_main.jpg
scrapingcourse:zoe-tank,scrapingcourse,zoe-tank,Zoe Tank,29.0,USD,https://scrapingcourse.com/ecommerce/product/zoe-tank,,https://scrapingcourse.com/ecommerce/wp-content/uploads/2024/03/wt02-orange_main.jpg
scrapingcourse:nora-practice-tank,scrapingcourse,nora-practice-tank,Nora Practice Tank,39.0,USD,https://scrapingcourse.com/ecommerce/product/nora-practice-tank,,https://scrapingcourse.com/ecommerce/wp-content/uploads/2024/03/wt03-red_main.jpg
scrapingcourse:nona-fitness-tank,scrapingcourse,nona-fitness-tank,Nona Fitness Tank,39.0,USD,https://scrapingcourse.com/ecommerce/product/nona-fitness-tank,,https://scrapingcourse.com/ecommerce/wp-content/uploads/2024/03/wt04-blue_main.jpg
scrapingcourse:leah-yoga-top,scrapingcourse,leah-yoga-top,Leah Yoga Top,39.0,USD,https://scrapingcourse.com/ecommerce/product/leah-yoga-top,,https://scrapingcourse.com/ecommerce/wp-content/uploads/2024/03/wt05-purple_main.jpg
scrapingcourse:chloe-compete-tank,scrapingcourse,chloe-compete-tank,Chloe Compete Tank,39.0,USD,https://scrapingcourse.com/ecommerce/product/chloe-compete-tank,,https://scrapingcourse.com/ecommerce/wp-content/uploads/2024/03/wt06-blue_main.jpg
scrapingcourse:maya-tunic,scrapingcourse,maya-tunic,Maya Tunic,29.0,USD,https://scrapingcourse.com/ecommerce/product/maya-tunic,,https://scrapingcourse.com/ecommerce/wp-content/uploads/2024/03/wt07-green_main.jpg
scrapingcourse:antonia-racer-tank,scrapingcourse,antonia-racer-tank,Antonia Racer Tank,34.0,USD,https://scrapingcourse.com/ecommerce/product/antonia-racer-tank,,https://scrapingcourse.com/ecommerce/wp-content/uploads/2024/03/wt08-black_main.jpg
scrapingcourse:breathe-easy-tank,scrapingcourse,breathe-easy-tank,Breathe-Easy Tank,34.0,USD,https://scrapingcourse.com/ecommerce/product/breathe-easy-tank,,https://scrapingcourse.com/ecommerce/wp-content/uploads/2024/03/wt09-white_main.jpg
scrapingsandbox:SKU-HEA-0001,scrapingsandbox,SKU-HEA-0001,Lightweight Probiotics,155.62,USD,https://scrapingsandbox.com/product/1,Health,https://placehold.co/400x400/10b981/ffffff?text=Probiotics
scrapingsandbox:SKU-ELE-0002,scrapingsandbox,SKU-ELE-0002,Wireless LED Desk Lamp,145.4,USD,https://scrapingsandbox.com/product/2,Electronics,https://placehold.co/400x400/f59e0b/ffffff?text=LED
scrapingsandbox:SKU-FOO-0003,scrapingsandbox,SKU-FOO-0003,Deluxe Tea Collection,185.01,USD,https://scrapingsandbox.com/product/3,Food & Beverage,https://placehold.co/400x400/84cc16/ffffff?text=Tea
scrapingsandbox:SKU-AUT-0004,scrapingsandbox,SKU-AUT-0004,Essential Tire Gauge,70.86,USD,https://scrapingsandbox.com/product/4,Automotive,https://placehold.co/400x400/6366f1/ffffff?text=Tire
scrapingsandbox:SKU-ART-0005,scrapingsandbox,SKU-ART-0005,Smart Carving Tools,97.13,USD,https://scrapingsandbox.com/product/5,Art,https://placehold.co/400x400/f59e0b/ffffff?text=Carving
scrapingsandbox:SKU-PET-0006,scrapingsandbox,SKU-PET-0006,Professional Dog Food,145.4,USD,https://scrapingsandbox.com/product/6,Pet Supplies,https://placehold.co/400x400/ef4444/ffffff?text=Dog
scrapingsandbox:SKU-AUT-0007,scrapingsandbox,SKU-AUT-0007,Smart Car Wash Kit,139.94,USD,https://scrapingsandbox.com/product/7,Automotive,https://placehold.co/400x400/84cc16/ffffff?text=Car
scrapingsandbox:SKU-ELE-0008,scrapingsandbox,SKU-ELE-0008,Premium Bluetooth Speaker,108.99,USD,https://scrapingsandbox.com/product/8,Electronics,https://placehold.co/400x400/06b6d4/ffffff?text=Bluetooth
scrapingsandbox:SKU-ELE-0009,scrapingsandbox,SKU-ELE-0009,Vintage Tablet Stand,44.15,USD,https://scrapingsandbox.com/product/9,Electronics,https://placehold.co/400x400/f59e0b/ffffff?text=Tablet
scrapingsandbox:SKU-ART-0010,scrapingsandbox,SKU-ART-0010,Portable Marker Pack,193.91,USD,https://scrapingsandbox.com/product/10,Art,https://placehold.co/400x400/3b82f6/ffffff?text=Marker
scrapingsandbox:SKU-ART-0011,scrapingsandbox,SKU-ART-0011,Professional Brush Kit,55.29,USD,https://scrapingsandbox.com/product/11,Art,https://placehold.co/400x400/ec4899/ffffff?text=Brush
scrapingsandbox:SKU-TOY-0012,scrapingsandbox,SKU-TOY-0012,Smart Play Dough,123.5,USD,https://scrapingsandbox.com/product/12,Toys,https://placehold.co/400x400/06b6d4/ffffff?text=Play
scrapingsandbox:SKU-MUS-0013,scrapingsandbox,SKU-MUS-0013,Premium Vinyl Record,69.22,USD,https://scrapingsandbox.com/product/13,Music,https://placehold.co/400x400/ef4444/ffffff?text=Vinyl
scrapingsandbox:SKU-PET-0014,scrapingsandbox,SKU-PET-0014,Professional Aquarium Plant,71.68,USD,https://scrapingsandbox.com/product/14,Pet Supplies,https://placehold.co/400x400/f59e0b/ffffff?text=Aquarium
scrapingsandbox:SKU-TOY-0015,scrapingsandbox,SKU-TOY-0015,Vintage Stuffed Animal,124.84,USD,https://scrapingsandbox.com/product/15,Toys,https://placehold.co/400x400/ef4444/ffffff?text=Stuffed
scrapingsandbox:SKU-FOO-0016,scrapingsandbox,SKU-FOO-0016,Eco-Friendly Protein Bar,76.27,USD,https://scrapingsandbox.com/product/16,Food & Beverage,https://placehold.co/400x400/3b82f6/ffffff?text=Protein
scrapingsandbox:SKU-OFF-0017,scrapingsandbox,SKU-OFF-0017,Lightweight Paper Clips,156.17,USD,https://scrapingsandbox.com/product/17,Office Supplies,https://placehold.co/400x400/ec4899/ffffff?text=Paper
scrapingsandbox:SKU-MUS-0018,scrapingsandbox,SKU-MUS-0018,Professional Guitar Strings,159.77,USD,https://scrapingsandbox.com/product/18,Music,https://placehold.co/400x400/8b5cf6/ffffff?text=Guitar
scrapingsandbox:SKU-BOO-0019,scrapingsandbox,SKU-BOO-0019,Premium Business Book,175.14,USD,https://scrapingsandbox.com/product/19,Books,https://placehold.co/400x400/06b6d4/ffffff?text=Business
scrapingsandbox:SKU-JEW-0020,scrapingsandbox,SKU-JEW-0020,Handcrafted Locket,106.84,USD,https://scrapingsandbox.com/product/20,Jewelry,https://placehold.co/400x400/f97316/ffffff?text=Locket
scrapingsandbox:SKU-HEA-0021,scrapingsandbox,SKU-HEA-0021,Compact Heating Pad,70.83,USD,https://scrapingsandbox.com/product/21,Health,https://placehold.co/400x400/8b5cf6/ffffff?text=Heating
scrapingsandbox:SKU-AUT-0022,scrapingsandbox,SKU-AUT-0022,Advanced Brake Pad,108.45,USD,https://scrapingsandbox.com/product/22,Automotive,https://placehold.co/400x400/f97316/ffffff?text=Brake
scrapingsandbox:SKU-AUT-0023,scrapingsandbox,SKU-AUT-0023,Heavy-Duty Seat Cover,30.36,USD,https://scrapingsandbox.com/product/23,Automotive,https://placehold.co/400x400/8b5cf6/ffffff?text=Seat
scrapingsandbox:SKU-ART-0024,scrapingsandbox,SKU-ART-0024,Heavy-Duty Palette,179.54,USD,https://scrapingsandbox.com/product/24,Art,https://placehold.co/400x400/6366f1/ffffff?text=Palette
scrapingsandbox:SKU-TOY-0025,scrapingsandbox,SKU-TOY-0025,Vintage Nerf Gun,107.53,USD,https://scrapingsandbox.com/product/25,Toys,https://placehold.co/400x400/10b981/ffffff?text=Nerf
scrapingsandbox:SKU-OFF-0026,scrapingsandbox,SKU-OFF-0026,Pro Stamp Set,16.25,USD,https://scrapingsandbox.com/product/26,Office Supplies,https://placehold.co/400x400/6366f1/ffffff?text=Stamp
scrapingsandbox:SKU-AUT-0027,scrapingsandbox,SKU-AUT-0027,Premium Air Freshener,165.03,USD,https://scrapingsandbox.com/product/27,Automotive,https://placehold.co/400x400/10b981/ffffff?text=Air
scrapingsandbox:SKU-OFF-0028,scrapingsandbox,SKU-OFF-0028,Heavy-Duty Label Maker,195.41,USD,https://scrapingsandbox.com/product/28,Office Supplies,https://placehold.co/400x400/f97316/ffffff?text=Label
scrapingsandbox:SKU-HEA-0029,scrapingsandbox,SKU-HEA-0029,Lightweight Blood Pressure Monitor,170.16,USD,https://scrapingsandbox.com/product/29,Health,https://placehold.co/400x400/84cc16/ffffff?text=Blood
scrapingsandbox:SKU-ELE-0030,scrapingsandbox,SKU-ELE-0030,Ultra USB-C Hub,110.55,USD,https://scrapingsandbox.com/product/30,Electronics,https://placehold.co/400x400/f59e0b/ffffff?text=USB-C
scrapingsandbox:SKU-BOO-0031,scrapingsandbox,SKU-BOO-0031,Premium Travel Guide,133.28,USD,https://scrapingsandbox.com/product/31,Books,https://placehold.co/400x400/84cc16/ffffff?text=Travel
scrapingsandbox:SKU-MUS-0032,scrapingsandbox,SKU-MUS-0032,Vintage Speaker Cable,49.19,USD,https://scrapingsandbox.com/product/32,Music,https://placehold.co/400x400/3b82f6/ffffff?text=Speaker
scrapingsandbox:SKU-HEA-0033,scrapingsandbox,SKU-HEA-0033,Classic First Aid Kit,15.69,USD,https://scrapingsandbox.com/product/33,Health,https://placehold.co/400x400/f97316/ffffff?text=First
scrapingsandbox:SKU-SPO-0034,scrapingsandbox,SKU-SPO-0034,Eco-Friendly Grip Gloves,193.06,USD,https://scrapingsandbox.com/product/34,Sports,https://placehold.co/400x400/06b6d4/ffffff?text=Grip
scrapingsandbox:SKU-JEW-0035,scrapingsandbox,SKU-JEW-0035,Vintage Hoop Earrings,27.37,USD,https://scrapingsandbox.com/product/35,Jewelry,https://placehold.co/400x400/ef4444/ffffff?text=Hoop
scrapingsandbox:SKU-FOO-0036,scrapingsandbox,SKU-FOO-0036,Modern Nut Mix,31.27,USD,https://scrapingsandbox.com/product/36,Food & Beverage,https://placehold.co/400x400/f59e0b/ffffff?text=Nut
scrapingsandbox:SKU-CLO-0037,scrapingsandbox,SKU-CLO-0037,Handcrafted Flannel Shirt,164.84,USD,https://scrapingsandbox.com/product/37,Clothing,https://placehold.co/400x400/8b5cf6/ffffff?text=Flannel
scrapingsandbox:SKU-HEA-0038,scrapingsandbox,SKU-HEA-0038,Lightweight Vitamin Pack,148.91,USD,https://scrapingsandbox.com/product/38,Health,https://placehold.co/400x400/f59e0b/ffffff?text=Vitamin
scrapingsandbox:SKU-ART-0039,scrapingsandbox,SKU-ART-0039,Compact Canvas,204.29,USD,https://scrapingsandbox.com/product/39,Art,https://placehold.co/400x400/06b6d4/ffffff?text=Canvas
scrapingsandbox:SKU-SPO-0040,scrapingsandbox,SKU-SPO-0040,Professional Skipping Rope,31.33,USD,https://scrapingsandbox.com/product/40,Sports,https://placehold.co/400x400/06b6d4/ffffff?text=Skipping
scrapingsandbox:SKU-BOO-0041,scrapingsandbox,SKU-BOO-0041,Ultra Cookbook,104.27,USD,https://scrapingsandbox.com/product/41,Books,https://placehold.co/400x400/f59e0b/ffffff?text=Cookbook
scrapingsandbox:SKU-ELE-0042,scrapingsandbox,SKU-ELE-0042,Vintage Microphone,27.42,USD,https://scrapingsandbox.com/product/42,Electronics,https://placehold.co/400x400/3b82f6/ffffff?text=Microphone
scrapingsandbox:SKU-ART-0043,scrapingsandbox,SKU-ART-0043,Limited Edition Calligraphy Set,44.65,USD,https://scrapingsandbox.com/product/43,Art,https://placehold.co/400x400/f59e0b/ffffff?text=Calligraphy
scrapingsandbox:SKU-BOO-0044,scrapingsandbox,SKU-BOO-0044,Vintage Art Book,91.83,USD,https://scrapingsandbox.com/product/44,Books,https://placehold.co/400x400/f59e0b/ffffff?text=Art
scrapingsandbox:SKU-JEW-0045,scrapingsandbox,SKU-JEW-0045,Handcrafted Chain,13.6,USD,https://scrapingsandbox.com/product/45,Jewelry,https://placehold.co/400x400/6366f1/ffffff?text=Chain
scrapingsandbox:SKU-TOY-0046,scrapingsandbox,SKU-TOY-0046,Heavy-Duty Play Dough,50.6,USD,https://scrapingsandbox.com/product/46,Toys,https://placehold.co/400x400/06b6d4/ffffff?text=Play
scrapingsandbox:SKU-BEA-0047,scrapingsandbox,SKU-BEA-0047,Classic Sunscreen,157.22,USD,https://scrapingsandbox.com/product/47,Beauty,https://placehold.co/400x400/f97316/ffffff?text=Sunscreen
scrapingsandbox:SKU-SPO-0048,scrapingsandbox,SKU-SPO-0048,Smart Ab Wheel,102.86,USD,https://scrapingsandbox.com/product/48,Sports,https://placehold.co/400x400/ef4444/ffffff?text=Ab
scrapingsandbox:SKU-MUS-0049,scrapingsandbox,SKU-MUS-0049,Ultra Vinyl Record,158.97,USD,https://scrapingsandbox.com/product/49,Music,https://placehold.co/400x400/f59e0b/ffffff?text=Vinyl
scrapingsandbox:SKU-FOO-0050,scrapingsandbox,SKU-FOO-0050,Organic Olive Oil,52.91,USD,https://scrapingsandbox.com/product/50,Food & Beverage,https://placehold.co/400x400/8b5cf6/ffffff?text=Olive
scrapingsandbox:SKU-CLO-0051,scrapingsandbox,SKU-CLO-0051,Premium Belt,67.17,USD,https://scrapingsandbox.com/product/51,Clothing,https://placehold.co/400x400/84cc16/ffffff?text=Belt
scrapingsandbox:SKU-BOO-0052,scrapingsandbox,SKU-BOO-0052,Advanced Journal,84.44,USD,https://scrapingsandbox.com/product/52,Books,https://placehold.co/400x400/6366f1/ffffff?text=Journal
scrapingsandbox:SKU-FOO-0053,scrapingsandbox,SKU-FOO-0053,Wireless Jam Collection,175.09,USD,https://scrapingsandbox.com/product/53,Food & Beverage,https://placehold.co/400x400/06b6d4/ffffff?text=Jam
scrapingsandbox:SKU-BOO-0054,scrapingsandbox,SKU-BOO-0054,Portable Children's Book,141.9,USD,https://scrapingsandbox.com/product/54,Books,https://placehold.co/400x400/6366f1/ffffff?text=Children%27s
scrapingsandbox:SKU-MUS-0055,scrapingsandbox,SKU-MUS-0055,Professional MIDI Controller,79.85,USD,https://scrapingsandbox.com/product/55,Music,https://placehold.co/400x400/06b6d4/ffffff?text=MIDI
scrapingsandbox:SKU-ELE-0056,scrapingsandbox,SKU-ELE-0056,Essential Ring Light,117.84,USD,https://scrapingsandbox.com/product/56,Electronics,https://placehold.co/400x400/06b6d4/ffffff?text=Ring
scrapingsandbox:SKU-HEA-0057,scrapingsandbox,SKU-HEA-0057,Essential Thermometer,81.15,USD,https://scrapingsandbox.com/product/57,Health,https://placehold.co/400x400/6366f1/ffffff?text=Thermometer
scrapingsandbox:SKU-OFF-0058,scrapingsandbox,SKU-OFF-0058,Advanced File Folder,156.62,USD,https://scrapingsandbox.com/product/58,Office Supplies,https://placehold.co/400x400/8b5cf6/ffffff?text=File
scrapingsandbox:SKU-CLO-0059,scrapingsandbox,SKU-CLO-0059,Advanced Watch,45.33,USD,https://scrapingsandbox.com/product/59,Clothing,https://placehold.co/400x400/84cc16/ffffff?text=Watch
scrapingsandbox:SKU-TOY-0060,scrapingsandbox,SKU-TOY-0060,Eco-Friendly Puzzle Set,158.96,USD,https://scrapingsandbox.com/product/60,Toys,https://placehold.co/400x400/f59e0b/ffffff?text=Puzzle
scrapingsandbox:SKU-AUT-0061,scrapingsandbox,SKU-AUT-0061,Essential Spark Plug,180.29,USD,https://scrapingsandbox.com/product/61,Automotive,https://placehold.co/400x400/8b5cf6/ffffff?text=Spark
scrapingsandbox:SKU-ELE-0062,scrapingsandbox,SKU-ELE-0062,Compact Smart Watch,102.16,USD,https://scrapingsandbox.com/product/62,Electronics,https://placehold.co/400x400/84cc16/ffffff?text=Smart
scrapingsandbox:SKU-CLO-0063,scrapingsandbox,SKU-CLO-0063,Professional Watch,100.01,USD,https://scrapingsandbox.com/product/63,Clothing,https://placehold.co/400x400/6366f1/ffffff?text=Watch
scrapingsandbox:SKU-HEA-0064,scrapingsandbox,SKU-HEA-0064,Professional Thermometer,199.47,USD,https://scrapingsandbox.com/product/64,Health,https://placehold.co/400x400/8b5cf6/ffffff?text=Thermometer
scrapingsandbox:SKU-PET-0065,scrapingsandbox,SKU-PET-0065,Classic Litter Box,53.01,USD,https://scrapingsandbox.com/product/65,Pet Supplies,https://placehold.co/400x400/f59e0b/ffffff?text=Litter
scrapingsandbox:SKU-AUT-0066,scrapingsandbox,SKU-AUT-0066,Vintage Trunk Organizer,182.08,USD,https://scrapingsandbox.com/product/66,Automotive,https://placehold.co/400x400/84cc16/ffffff?text=Trunk
scrapingsandbox:SKU-JEW-0067,scrapingsandbox,SKU-JEW-0067,Lightweight Toe Ring,188.36,USD,https://scrapingsandbox.com/product/67,Jewelry,https://placehold.co/400x400/84cc16/ffffff?text=Toe
scrapingsandbox:SKU-OFF-0068,scrapingsandbox,SKU-OFF-0068,Wireless Stamp Set,45.66,USD,https://scrapingsandbox.com/product/68,Office Supplies,https://placehold.co/400x400/ef4444/ffffff?text=Stamp
scrapingsandbox:SKU-CLO-0069,scrapingsandbox,SKU-CLO-0069,Lightweight Cardigan,11.02,USD,https://scrapingsandbox.com/product/69,Clothing,https://placehold.co/400x400/f59e0b/ffffff?text=Cardigan
scrapingsandbox:SKU-BEA-0070,scrapingsandbox,SKU-BEA-0070,Classic Moisturizer,143.0,USD,https://scrapingsandbox.com/product/70,Beauty,https://placehold.co/400x400/ec4899/ffffff?text=Moisturizer
scrapingsandbox:SKU-ART-0071,scrapingsandbox,SKU-ART-0071,Classic Canvas,21.25,USD,https://scrapingsandbox.com/product/71,Art,https://placehold.co/400x400/f59e0b/ffffff?text=Canvas
scrapingsandbox:SKU-MUS-0072,scrapingsandbox,SKU-MUS-0072,Handcrafted Speaker Cable,70.07,USD,https://scrapingsandbox.com/product/72,Music,https://placehold.co/400x400/f59e0b/ffffff?text=Speaker
scrapingsandbox:SKU-MUS-0073,scrapingsandbox,SKU-MUS-0073,Advanced Pick Set,128.87,USD,https://scrapingsandbox.com/product/73,Music,https://placehold.co/400x400/ef4444/ffffff?text=Pick
scrapingsandbox:SKU-MUS-0074,scrapingsandbox,SKU-MUS-0074,Lightweight Tuner,148.14,USD,https://scrapingsandbox.com/product/74,Music,https://placehold.co/400x400/ec4899/ffffff?text=Tuner
scrapingsandbox:SKU-OFF-0075,scrapingsandbox,SKU-OFF-0075,Limited Edition File Folder,55.52,USD,https://scrapingsandbox.com/product/75,Office Supplies,https://placehold.co/400x400/ef4444/ffffff?text=File
scrapingsandbox:SKU-CLO-0076,scrapingsandbox,SKU-CLO-0076,Lightweight Socks Pack,187.14,USD,https://scrapingsandbox.com/product/76,Clothing,https://placehold.co/400x400/3b82f6/ffffff?text=Socks
scrapingsandbox:SKU-FOO-0077,scrapingsandbox,SKU-FOO-0077,Modern Coffee Beans,6.22,USD,https://scrapingsandbox.com/product/77,Food & Beverage,https://placehold.co/400x400/ec4899/ffffff?text=Coffee
scrapingsandbox:SKU-AUT-0078,scrapingsandbox,SKU-AUT-0078,Wireless Car Vacuum,42.41,USD,https://scrapingsandbox.com/product/78,Automotive,https://placehold.co/400x400/ef4444/ffffff?text=Car
scrapingsandbox:SKU-HEA-0079,scrapingsandbox,SKU-HEA-0079,Classic Pill Organizer,141.59,USD,https://scrapingsandbox.com/product/79,Health,https://placehold.co/400x400/10b981/ffffff?text=Pill
scrapingsandbox:SKU-BOO-0080,scrapingsandbox,SKU-BOO-0080,Portable Planner,16.64,USD,https://scrapingsandbox.com/product/80,Books,https://placehold.co/400x400/8b5cf6/ffffff?text=Planner
scrapingsandbox:SKU-HEA-0081,scrapingsandbox,SKU-HEA-0081,Eco-Friendly Blood Pressure Monitor,115.64,USD,https://scrapingsandbox.com/product/81,Health,https://placehold.co/400x400/8b5cf6/ffffff?text=Blood
scrapingsandbox:SKU-CLO-0082,scrapingsandbox,SKU-CLO-0082,Portable Sneakers,24.83,USD,https://scrapingsandbox.com/product/82,Clothing,https://placehold.co/400x400/3b82f6/ffffff?text=Sneakers
scrapingsandbox:SKU-JEW-0083,scrapingsandbox,SKU-JEW-0083,Ultra Locket,158.09,USD,https://scrapingsandbox.com/product/83,Jewelry,https://placehold.co/400x400/6366f1/ffffff?text=Locket
scrapingsandbox:SKU-HEA-0084,scrapingsandbox,SKU-HEA-0084,Professional Vitamin Pack,90.2,USD,https://scrapingsandbox.com/product/84,Health,https://placehold.co/400x400/6366f1/ffffff?text=Vitamin
scrapingsandbox:SKU-HEA-0085,scrapingsandbox,SKU-HEA-0085,Ultra First Aid Kit,56.04,USD,https://scrapingsandbox.com/product/85,Health,https://placehold.co/400x400/3b82f6/ffffff?text=First
scrapingsandbox:SKU-OFF-0086,scrapingsandbox,SKU-OFF-0086,Vintage Highlighters,195.45,USD,https://scrapingsandbox.com/product/86,Office Supplies,https://placehold.co/400x400/ef4444/ffffff?text=Highlighters
scrapingsandbox:SKU-MUS-0087,scrapingsandbox,SKU-MUS-0087,Pro Headphones,86.34,USD,https://scrapingsandbox.com/product/87,Music,https://placehold.co/400x400/8b5cf6/ffffff?text=Headphones
scrapingsandbox:SKU-HOM-0088,scrapingsandbox,SKU-HOM-0088,Organic Clock,90.92,USD,https://scrapingsandbox.com/product/88,Home & Garden,https://placehold.co/400x400/f59e0b/ffffff?text=Clock
scrapingsandbox:SKU-ELE-0089,scrapingsandbox,SKU-ELE-0089,Wireless Smart Watch,27.3,USD,https://scrapingsandbox.com/product/89,Electronics,https://placehold.co/400x400/ec4899/ffffff?text=Smart
scrapingsandbox:SKU-MUS-0090,scrapingsandbox,SKU-MUS-0090,Wireless Headphones,125.33,USD,https://scrapingsandbox.com/product/90,Music,https://placehold.co/400x400/ec4899/ffffff?text=Headphones
scrapingsandbox:SKU-AUT-0091,scrapingsandbox,SKU-AUT-0091,Premium Seat Cover,14.0,USD,https://scrapingsandbox.com/product/91,Automotive,https://placehold.co/400x400/6366f1/ffffff?text=Seat
scrapingsandbox:SKU-HOM-0092,scrapingsandbox,SKU-HOM-0092,Advanced Napkin Holder,170.01,USD,https://scrapingsandbox.com/product/92,Home & Garden,https://placehold.co/400x400/f97316/ffffff?text=Napkin
scrapingsandbox:SKU-AUT-0093,scrapingsandbox,SKU-AUT-0093,Lightweight Battery,93.48,USD,https://scrapingsandbox.com/product/93,Automotive,https://placehold.co/400x400/8b5cf6/ffffff?text=Battery
scrapingsandbox:SKU-CLO-0094,scrapingsandbox,SKU-CLO-0094,Compact Joggers,35.16,USD,https://scrapingsandbox.com/product/94,Clothing,https://placehold.co/400x400/10b981/ffffff?text=Joggers
scrapingsandbox:SKU-FOO-0095,scrapingsandbox,SKU-FOO-0095,Heavy-Duty Olive Oil,152.94,USD,https://scrapingsandbox.com/product/95,Food & Beverage,https://placehold.co/400x400/ef4444/ffffff?text=Olive
scrapingsandbox:SKU-JEW-0096,scrapingsandbox,SKU-JEW-0096,Smart Bracelet,151.07,USD,https://scrapingsandbox.com/product/96,Jewelry,https://placehold.co/400x400/8b5cf6/ffffff?text=Bracelet
scrapingsandbox:SKU-AUT-0097,scrapingsandbox,SKU-AUT-0097,Deluxe Wiper Blade,121.64,USD,https://scrapingsandbox.com/product/97,Automotive,https://placehold.co/400x400/10b981/ffffff?text=Wiper
scrapingsandbox:SKU-FOO-0098,scrapingsandbox,SKU-FOO-0098,Modern Popcorn Pack,147.51,USD,https://scrapingsandbox.com/product/98,Food & Beverage,https://placehold.co/400x400/3b82f6/ffffff?text=Popcorn
scrapingsandbox:SKU-HEA-0099,scrapingsandbox,SKU-HEA-0099,Advanced Iron Supplement,146.78,USD,https://scrapingsandbox.com/product/99,Health,https://placehold.co/400x400/f59e0b/ffffff?text=Iron
scrapingsandbox:SKU-JEW-0100,scrapingsandbox,SKU-JEW-0100,Eco-Friendly Bangle,51.11,USD,https://scrapingsandbox.com/product/100,Jewelry,https://placehold.co/400x400/06b6d4/ffffff?text=Bangle
scrapingsandbox:SKU-CLO-0101,scrapingsandbox,SKU-CLO-0101,Essential Sunglasses,144.83,USD,https://scrapingsandbox.com/product/101,Clothing,https://placehold.co/400x400/8b5cf6/ffffff?text=Sunglasses
scrapingsandbox:SKU-MUS-0102,scrapingsandbox,SKU-MUS-0102,Heavy-Duty Vinyl Record,194.89,USD,https://scrapingsandbox.com/product/102,Music,https://placehold.co/400x400/3b82f6/ffffff?text=Vinyl
scrapingsandbox:SKU-HOM-0103,scrapingsandbox,SKU-HOM-0103,Smart Storage Basket,7.55,USD,https://scrapingsandbox.com/product/103,Home & Garden,https://placehold.co/400x400/ec4899/ffffff?text=Storage
scrapingsandbox:SKU-TOY-0104,scrapingsandbox,SKU-TOY-0104,Modern Puzzle Set,146.64,USD,https://scrapingsandbox.com/product/104,Toys,https://placehold.co/400x400/ec4899/ffffff?text=Puzzle
scrapingsandbox:SKU-CLO-0105,scrapingsandbox,SKU-CLO-0105,Smart Scarf,109.34,USD,https://scrapingsandbox.com/product/105,Clothing,https://placehold.co/400x400/ec4899/ffffff?text=Scarf
scrapingsandbox:SKU-PET-0106,scrapingsandbox,SKU-PET-0106,Vintage Collar,181.46,USD,https://scrapingsandbox.com/product/106,Pet Supplies,https://placehold.co/400x400/f97316/ffffff?text=Collar
scrapingsandbox:SKU-CLO-0107,scrapingsandbox,SKU-CLO-0107,Compact Sneakers,74.48,USD,https://scrapingsandbox.com/product/107,Clothing,https://placehold.co/400x400/f59e0b/ffffff?text=Sneakers
scrapingsandbox:SKU-CLO-0108,scrapingsandbox,SKU-CLO-0108,Deluxe Shorts,192.23,USD,https://scrapingsandbox.com/product/108,Clothing,https://placehold.co/400x400/6366f1/ffffff?text=Shorts
scrapingsandbox:SKU-SPO-0109,scrapingsandbox,SKU-SPO-0109,Portable Sweatband,35.04,USD,https://scrapingsandbox.com/product/109,Sports,https://placehold.co/400x400/ec4899/ffffff?text=Sweatband
scrapingsandbox:SKU-SPO-0110,scrapingsandbox,SKU-SPO-0110,Classic Tennis Balls,83.72,USD,https://scrapingsandbox.com/product/110,Sports,https://placehold.co/400x400/f97316/ffffff?text=Tennis
scrapingsandbox:SKU-MUS-0111,scrapingsandbox,SKU-MUS-0111,Smart Pop Filter,43.29,USD,https://scrapingsandbox.com/product/111,Music,https://placehold.co/400x400/ef4444/ffffff?text=Pop
scrapingsandbox:SKU-MUS-0112,scrapingsandbox,SKU-MUS-0112,Advanced Strap,94.54,USD,https://scrapingsandbox.com/product/112,Music,https://placehold.co/400x400/06b6d4/ffffff?text=Strap
scrapingsandbox:SKU-SPO-0113,scrapingsandbox,SKU-SPO-0113,Deluxe Ab Wheel,36.47,USD,https://scrapingsandbox.com/product/113,Sports,https://placehold.co/400x400/ef4444/ffffff?text=Ab
scrapingsandbox:SKU-MUS-0114,scrapingsandbox,SKU-MUS-0114,Smart Capo,107.29,USD,https://scrapingsandbox.com/product/114,Music,https://placehold.co/400x400/84cc16/ffffff?text=Capo
scrapingsandbox:SKU-OFF-0115,scrapingsandbox,SKU-OFF-0115,Handcrafted Paper Clips,155.36,USD,https://scrapingsandbox.com/product/115,Office Supplies,https://placehold.co/400x400/84cc16/ffffff?text=Paper
scrapingsandbox:SKU-OFF-0116,scrapingsandbox,SKU-OFF-0116,Eco-Friendly Tape Dispenser,105.07,USD,https://scrapingsandbox.com/product/116,Office Supplies,https://placehold.co/400x400/6366f1/ffffff?text=Tape
scrapingsandbox:SKU-HEA-0117,scrapingsandbox,SKU-HEA-0117,Eco-Friendly Thermometer,62.03,USD,https://scrapingsandbox.com/product/117,Health,https://placehold.co/400x400/06b6d4/ffffff?text=Thermometer
scrapingsandbox:SKU-JEW-0118,scrapingsandbox,SKU-JEW-0118,Essential Stud Earrings,105.39,USD,https://scrapingsandbox.com/product/118,Jewelry,https://placehold.co/400x400/ec4899/ffffff?text=Stud
scrapingsandbox:SKU-HEA-0119,scrapingsandbox,SKU-HEA-0119,Lightweight Protein Powder,119.4,USD,https://scrapingsandbox.com/product/119,Health,https://placehold.co/400x400/f97316/ffffff?text=Protein
scrapingsandbox:SKU-CLO-0120,scrapingsandbox,SKU-CLO-0120,Smart Cardigan,28.73,USD,https://scrapingsandbox.com/product/120,Clothing,https://placehold.co/400x400/ec4899/ffffff?text=Cardigan
scrapingsandbox:SKU-HOM-0121,scrapingsandbox,SKU-HOM-0121,Organic Mug Set,150.77,USD,https://scrapingsandbox.com/product/121,Home & Garden,https://placehold.co/400x400/84cc16/ffffff?text=Mug
scrapingsandbox:SKU-PET-0122,scrapingsandbox,SKU-PET-0122,Advanced Catnip,183.75,USD,https://scrapingsandbox.com/product/122,Pet Supplies,https://placehold.co/400x400/f59e0b/ffffff?text=Catnip
scrapingsandbox:SKU-BOO-0123,scrapingsandbox,SKU-BOO-0123,Handcrafted Business Book,203.17,USD,https://scrapingsandbox.com/product/123,Books,https://placehold.co/400x400/84cc16/ffffff?text=Business
scrapingsandbox:SKU-TOY-0124,scrapingsandbox,SKU-TOY-0124,Ultra Train Set,143.16,USD,https://scrapingsandbox.com/product/124,Toys,https://placehold.co/400x400/8b5cf6/ffffff?text=Train
scrapingsandbox:SKU-JEW-0125,scrapingsandbox,SKU-JEW-0125,Advanced Brooch,177.99,USD,https://scrapingsandbox.com/product/125,Jewelry,https://placehold.co/400x400/10b981/ffffff?text=Brooch
scrapingsandbox:SKU-HOM-0126,scrapingsandbox,SKU-HOM-0126,Classic Wall Art,154.5,USD,https://scrapingsandbox.com/product/126,Home & Garden,https://placehold.co/400x400/84cc16/ffffff?text=Wall
scrapingsandbox:SKU-BOO-0127,scrapingsandbox,SKU-BOO-0127,Premium Mystery Novel,26.81,USD,https://scrapingsandbox.com/product/127,Books,https://placehold.co/400x400/f59e0b/ffffff?text=Mystery
scrapingsandbox:SKU-CLO-0128,scrapingsandbox,SKU-CLO-0128,Eco-Friendly Flannel Shirt,75.16,USD,https://scrapingsandbox.com/product/128,Clothing,https://placehold.co/400x400/06b6d4/ffffff?text=Flannel
scrapingsandbox:SKU-HEA-0129,scrapingsandbox,SKU-HEA-0129,Lightweight Ice Pack,191.92,USD,https://scrapingsandbox.com/product/129,Health,https://placehold.co/400x400/84cc16/ffffff?text=Ice
scrapingsandbox:SKU-TOY-0130,scrapingsandbox,SKU-TOY-0130,Portable Bubble Machine,59.9,USD,https://scrapingsandbox.com/product/130,Toys,https://placehold.co/400x400/f59e0b/ffffff?text=Bubble
scrapingsandbox:SKU-BEA-0131,scrapingsandbox,SKU-BEA-0131,Lightweight Hand Cream,188.36,USD,https://scrapingsandbox.com/product/131,Beauty,https://placehold.co/400x400/06b6d4/ffffff?text=Hand
scrapingsandbox:SKU-MUS-0132,scrapingsandbox,SKU-MUS-0132,Classic Capo,105.87,USD,https://scrapingsandbox.com/product/132,Music,https://placehold.co/400x400/3b82f6/ffffff?text=Capo
scrapingsandbox:SKU-AUT-0133,scrapingsandbox,SKU-AUT-0133,Professional Car Charger,27.68,USD,https://scrapingsandbox.com/product/133,Automotive,https://placehold.co/400x400/ef4444/ffffff?text=Car
scrapingsandbox:SKU-BEA-0134,scrapingsandbox,SKU-BEA-0134,Eco-Friendly Sunscreen,141.25,USD,https://scrapingsandbox.com/product/134,Beauty,https://placehold.co/400x400/3b82f6/ffffff?text=Sunscreen
scrapingsandbox:SKU-JEW-0135,scrapingsandbox,SKU-JEW-0135,Portable Chain,141.26,USD,https://scrapingsandbox.com/product/135,Jewelry,https://placehold.co/400x400/3b82f6/ffffff?text=Chain
scrapingsandbox:SKU-CLO-0136,scrapingsandbox,SKU-CLO-0136,Advanced Watch,69.96,USD,https://scrapingsandbox.com/product/136,Clothing,https://placehold.co/400x400/f97316/ffffff?text=Watch
scrapingsandbox:SKU-OFF-0137,scrapingsandbox,SKU-OFF-0137,Modern Stamp Set,55.31,USD,https://scrapingsandbox.com/product/137,Office Supplies,https://placehold.co/400x400/f97316/ffffff?text=Stamp
scrapingsandbox:SKU-MUS-0138,scrapingsandbox,SKU-MUS-0138,Limited Edition Pick Set,10.84,USD,https://scrapingsandbox.com/product/138,Music,https://placehold.co/400x400/10b981/ffffff?text=Pick
scrapingsandbox:SKU-TOY-0139,scrapingsandbox,SKU-TOY-0139,Ultra Slime Kit,110.41,USD,https://scrapingsandbox.com/product/139,Toys,https://placehold.co/400x400/f59e0b/ffffff?text=Slime
scrapingsandbox:SKU-HEA-0140,scrapingsandbox,SKU-HEA-0140,Portable Essential Oil,192.76,USD,https://scrapingsandbox.com/product/140,Health,https://placehold.co/400x400/ef4444/ffffff?text=Essential
scrapingsandbox:SKU-HEA-0141,scrapingsandbox,SKU-HEA-0141,Limited Edition Melatonin,127.15,USD,https://scrapingsandbox.com/product/141,Health,https://placehold.co/400x400/ef4444/ffffff?text=Melatonin
scrapingsandbox:SKU-HOM-0142,scrapingsandbox,SKU-HOM-0142,Organic Napkin Holder,161.36,USD,https://scrapingsandbox.com/product/142,Home & Garden,https://placehold.co/400x400/06b6d4/ffffff?text=Napkin
scrapingsandbox:SKU-CLO-0143,scrapingsandbox,SKU-CLO-0143,Heavy-Duty Belt,150.56,USD,https://scrapingsandbox.com/product/143,Clothing,https://placehold.co/400x400/f97316/ffffff?text=Belt
scrapingsandbox:SKU-BOO-0144,scrapingsandbox,SKU-BOO-0144,Organic Self-Help Guide,67.62,USD,https://scrapingsandbox.com/product/144,Books,https://placehold.co/400x400/8b5cf6/ffffff?text=Self-Help
scrapingsandbox:SKU-OFF-0145,scrapingsandbox,SKU-OFF-0145,Premium Stamp Set,193.49,USD,https://scrapingsandbox.com/product/145,Office Supplies,https://placehold.co/400x400/10b981/ffffff?text=Stamp
scrapingsandbox:SKU-JEW-0146,scrapingsandbox,SKU-JEW-0146,Vintage Body Chain,126.03,USD,https://scrapingsandbox.com/product/146,Jewelry,https://placehold.co/400x400/3b82f6/ffffff?text=Body
scrapingsandbox:SKU-ELE-0147,scrapingsandbox,SKU-ELE-0147,Deluxe LED Desk Lamp,58.45,USD,https://scrapingsandbox.com/product/147,Electronics,https://placehold.co/400x400/8b5cf6/ffffff?text=LED
scrapingsandbox:SKU-SPO-0148,scrapingsandbox,SKU-SPO-0148,Eco-Friendly Yoga Mat,68.34,USD,https://scrapingsandbox.com/product/148,Sports,https://placehold.co/400x400/f97316/ffffff?text=Yoga
scrapingsandbox:SKU-TOY-0149,scrapingsandbox,SKU-TOY-0149,Handcrafted Building Blocks,153.64,USD,https://scrapingsandbox.com/product/149,Toys,https://placehold.co/400x400/10b981/ffffff?text=Building
scrapingsandbox:SKU-ELE-0150,scrapingsandbox,SKU-ELE-0150,Professional Tablet Stand,194.35,USD,https://scrapingsandbox.com/product/150,Electronics,https://placehold.co/400x400/10b981/ffffff?text=Tablet
scrapingsandbox:SKU-FOO-0151,scrapingsandbox,SKU-FOO-0151,Vintage Beef Jerky,120.07,USD,https://scrapingsandbox.com/product/151,Food & Beverage,https://placehold.co/400x400/3b82f6/ffffff?text=Beef
scrapingsandbox:SKU-ART-0152,scrapingsandbox,SKU-ART-0152,Premium Carving Tools,29.14,USD,https://scrapingsandbox.com/product/152,Art,https://placehold.co/400x400/6366f1/ffffff?text=Carving
scrapingsandbox:SKU-PET-0153,scrapingsandbox,SKU-PET-0153,Smart Aquarium Plant,38.06,USD,https://scrapingsandbox.com/product/153,Pet Supplies,https://placehold.co/400x400/f97316/ffffff?text=Aquarium
scrapingsandbox:SKU-CLO-0154,scrapingsandbox,SKU-CLO-0154,Handcrafted Watch,53.69,USD,https://scrapingsandbox.com/product/154,Clothing,https://placehold.co/400x400/8b5cf6/ffffff?text=Watch
scrapingsandbox:SKU-PET-0155,scrapingsandbox,SKU-PET-0155,Vintage Bird Feeder,88.67,USD,https://scrapingsandbox.com/product/155,Pet Supplies,https://placehold.co/400x400/84cc16/ffffff?text=Bird
scrapingsandbox:SKU-HOM-0156,scrapingsandbox,SKU-HOM-0156,Organic Plant Pot,117.02,USD,https://scrapingsandbox.com/product/156,Home & Garden,https://placehold.co/400x400/6366f1/ffffff?text=Plant
scrapingsandbox:SKU-BEA-0157,scrapingsandbox,SKU-BEA-0157,Eco-Friendly Eye Cream,123.02,USD,https://scrapingsandbox.com/product/157,Beauty,https://placehold.co/400x400/84cc16/ffffff?text=Eye
scrapingsandbox:SKU-SPO-0158,scrapingsandbox,SKU-SPO-0158,Smart Boxing Gloves,96.53,USD,https://scrapingsandbox.com/product/158,Sports,https://placehold.co/400x400/f59e0b/ffffff?text=Boxing
scrapingsandbox:SKU-OFF-0159,scrapingsandbox,SKU-OFF-0159,Portable Tape Dispenser,102.6,USD,https://scrapingsandbox.com/product/159,Office Supplies,https://placehold.co/400x400/8b5cf6/ffffff?text=Tape
scrapingsandbox:SKU-BEA-0160,scrapingsandbox,SKU-BEA-0160,Classic Nail Polish,112.45,USD,https://scrapingsandbox.com/product/160,Beauty,https://placehold.co/400x400/84cc16/ffffff?text=Nail
scrapingsandbox:SKU-BOO-0161,scrapingsandbox,SKU-BOO-0161,Essential Mystery Novel,153.85,USD,https://scrapingsandbox.com/product/161,Books,https://placehold.co/400x400/f97316/ffffff?text=Mystery
scrapingsandbox:SKU-HEA-0162,scrapingsandbox,SKU-HEA-0162,Premium Omega-3 Capsules,201.63,USD,https://scrapingsandbox.com/product/162,Health,https://placehold.co/400x400/f97316/ffffff?text=Omega-3
scrapingsandbox:SKU-PET-0163,scrapingsandbox,SKU-PET-0163,Classic Leash,89.34,USD,https://scrapingsandbox.com/product/163,Pet Supplies,https://placehold.co/400x400/8b5cf6/ffffff?text=Leash
scrapingsandbox:SKU-JEW-0164,scrapingsandbox,SKU-JEW-0164,Essential Stud Earrings,158.99,USD,https://scrapingsandbox.com/product/164,Jewelry,https://placehold.co/400x400/ef4444/ffffff?text=Stud
scrapingsandbox:SKU-SPO-0165,scrapingsandbox,SKU-SPO-0165,Smart Jump Rope,150.09,USD,https://scrapingsandbox.com/product/165,Sports,https://placehold.co/400x400/10b981/ffffff?text=Jump
scrapingsandbox:SKU-BOO-0166,scrapingsandbox,SKU-BOO-0166,Premium History Book,41.46,USD,https://scrapingsandbox.com/product/166,Books,https://placehold.co/400x400/8b5cf6/ffffff?text=History
scrapingsandbox:SKU-MUS-0167,scrapingsandbox,SKU-MUS-0167,Wireless Vinyl Record,107.79,USD,https://scrapingsandbox.com/product/167,Music,https://placehold.co/400x400/ef4444/ffffff?text=Vinyl
scrapingsandbox:SKU-PET-0168,scrapingsandbox,SKU-PET-0168,Advanced Food Bowl,100.78,USD,https://scrapingsandbox.com/product/168,Pet Supplies,https://placehold.co/400x400/10b981/ffffff?text=Food
scrapingsandbox:SKU-JEW-0169,scrapingsandbox,SKU-JEW-0169,Professional Hoop Earrings,57.53,USD,https://scrapingsandbox.com/product/169,Jewelry,https://placehold.co/400x400/3b82f6/ffffff?text=Hoop
scrapingsandbox:SKU-AUT-0170,scrapingsandbox,SKU-AUT-0170,Smart Seat Cover,48.18,USD,https://scrapingsandbox.com/product/170,Automotive,https://placehold.co/400x400/6366f1/ffffff?text=Seat
scrapingsandbox:SKU-MUS-0171,scrapingsandbox,SKU-MUS-0171,Heavy-Duty Vinyl Record,68.64,USD,https://scrapingsandbox.com/product/171,Music,https://placehold.co/400x400/ef4444/ffffff?text=Vinyl
scrapingsandbox:SKU-SPO-0172,scrapingsandbox,SKU-SPO-0172,Vintage Pull-Up Bar,202.91,USD,https://scrapingsandbox.com/product/172,Sports,https://placehold.co/400x400/6366f1/ffffff?text=Pull-Up
scrapingsandbox:SKU-MUS-0173,scrapingsandbox,SKU-MUS-0173,Portable MIDI Controller,203.13,USD,https://scrapingsandbox.com/product/173,Music,https://placehold.co/400x400/ec4899/ffffff?text=MIDI
scrapingsandbox:SKU-BEA-0174,scrapingsandbox,SKU-BEA-0174,Advanced Eye Cream,7.7,USD,https://scrapingsandbox.com/product/174,Beauty,https://placehold.co/400x400/8b5cf6/ffffff?text=Eye
scrapingsandbox:SKU-BOO-0175,scrapingsandbox,SKU-BOO-0175,Modern Planner,113.53,USD,https://scrapingsandbox.com/product/175,Books,https://placehold.co/400x400/f59e0b/ffffff?text=Planner
scrapingsandbox:SKU-CLO-0176,scrapingsandbox,SKU-CLO-0176,Lightweight Chinos,18.67,USD,https://scrapingsandbox.com/product/176,Clothing,https://placehold.co/400x400/f97316/ffffff?text=Chinos
scrapingsandbox:SKU-FOO-0177,scrapingsandbox,SKU-FOO-0177,Premium Spice Set,6.68,USD,https://scrapingsandbox.com/product/177,Food & Beverage,https://placehold.co/400x400/f97316/ffffff?text=Spice
scrapingsandbox:SKU-AUT-0178,scrapingsandbox,SKU-AUT-0178,Handcrafted Phone Mount,128.07,USD,https://scrapingsandbox.com/product/178,Automotive,https://placehold.co/400x400/ef4444/ffffff?text=Phone
scrapingsandbox:SKU-AUT-0179,scrapingsandbox,SKU-AUT-0179,Professional Sun Shade,7.31,USD,https://scrapingsandbox.com/product/179,Automotive,https://placehold.co/400x400/10b981/ffffff?text=Sun
scrapingsandbox:SKU-HEA-0180,scrapingsandbox,SKU-HEA-0180,Eco-Friendly Blood Pressure Monitor,83.4,USD,https://scrapingsandbox.com/product/180,Health,https://placehold.co/400x400/ef4444/ffffff?text=Blood
scrapingsandbox:SKU-FOO-0181,scrapingsandbox,SKU-FOO-0181,Deluxe Protein Bar,120.78,USD,https://scrapingsandbox.com/product/181,Food & Beverage,https://placehold.co/400x400/6366f1/ffffff?text=Protein
scrapingsandbox:SKU-OFF-0182,scrapingsandbox,SKU-OFF-0182,Lightweight Notebook,165.84,USD,https://scrapingsandbox.com/product/182,Office Supplies,https://placehold.co/400x400/10b981/ffffff?text=Notebook
scrapingsandbox:SKU-OFF-0183,scrapingsandbox,SKU-OFF-0183,Modern Binder,130.68,USD,https://scrapingsandbox.com/product/183,Office Supplies,https://placehold.co/400x400/f97316/ffffff?text=Binder
scrapingsandbox:SKU-AUT-0184,scrapingsandbox,SKU-AUT-0184,Advanced Car Charger,63.89,USD,https://scrapingsandbox.com/product/184,Automotive,https://placehold.co/400x400/10b981/ffffff?text=Car
scrapingsandbox:SKU-HOM-0185,scrapingsandbox,SKU-HOM-0185,Portable Napkin Holder,76.76,USD,https://scrapingsandbox.com/product/185,Home & Garden,https://placehold.co/400x400/10b981/ffffff?text=Napkin
scrapingsandbox:SKU-PET-0186,scrapingsandbox,SKU-PET-0186,Professional Leash,119.7,USD,https://scrapingsandbox.com/product/186,Pet Supplies,https://placehold.co/400x400/ec4899/ffffff?text=Leash
scrapingsandbox:SKU-AUT-0187,scrapingsandbox,SKU-AUT-0187,Deluxe Ice Scraper,96.31,USD,https://scrapingsandbox.com/product/187,Automotive,https://placehold.co/400x400/84cc16/ffffff?text=Ice
scrapingsandbox:SKU-OFF-0188,scrapingsandbox,SKU-OFF-0188,Vintage Label Maker,131.62,USD,https://scrapingsandbox.com/product/188,Office Supplies,https://placehold.co/400x400/ef4444/ffffff?text=Label
scrapingsandbox:SKU-MUS-0189,scrapingsandbox,SKU-MUS-0189,Eco-Friendly Amp,121.82,USD,https://scrapingsandbox.com/product/189,Music,https://placehold.co/400x400/ef4444/ffffff?text=Amp
scrapingsandbox:SKU-TOY-0190,scrapingsandbox,SKU-TOY-0190,Limited Edition Stuffed Animal,149.56,USD,https://scrapingsandbox.com/product/190,Toys,https://placehold.co/400x400/84cc16/ffffff?text=Stuffed
scrapingsandbox:SKU-MUS-0191,scrapingsandbox,SKU-MUS-0191,Ultra MIDI Controller,9.88,USD,https://scrapingsandbox.com/product/191,Music,https://placehold.co/400x400/f59e0b/ffffff?text=MIDI
scrapingsandbox:SKU-CLO-0192,scrapingsandbox,SKU-CLO-0192,Classic Watch,67.38,USD,https://scrapingsandbox.com/product/192,Clothing,https://placehold.co/400x400/84cc16/ffffff?text=Watch
scrapingsandbox:SKU-BOO-0193,scrapingsandbox,SKU-BOO-0193,Modern Children's Book,38.62,USD,https://scrapingsandbox.com/product/193,Books,https://placehold.co/400x400/06b6d4/ffffff?text=Children%27s
scrapingsandbox:SKU-BEA-0194,scrapingsandbox,SKU-BEA-0194,Smart Eye Cream,20.01,USD,https://scrapingsandbox.com/product/194,Beauty,https://placehold.co/400x400/8b5cf6/ffffff?text=Eye
scrapingsandbox:SKU-FOO-0195,scrapingsandbox,SKU-FOO-0195,Advanced Spice Set,27.65,USD,https://scrapingsandbox.com/product/195,Food & Beverage,https://placehold.co/400x400/06b6d4/ffffff?text=Spice
scrapingsandbox:SKU-OFF-0196,scrapingsandbox,SKU-OFF-0196,Portable Stapler,23.63,USD,https://scrapingsandbox.com/product/196,Office Supplies,https://placehold.co/400x400/06b6d4/ffffff?text=Stapler
scrapingsandbox:SKU-ELE-0197,scrapingsandbox,SKU-ELE-0197,Professional Laptop Sleeve,192.64,USD,https://scrapingsandbox.com/product/197,Electronics,https://placehold.co/400x400/ec4899/ffffff?text=Laptop
scrapingsandbox:SKU-OFF-0198,scrapingsandbox,SKU-OFF-0198,Eco-Friendly Binder,9.44,USD,https://scrapingsandbox.com/product/198,Office Supplies,https://placehold.co/400x400/ec4899/ffffff?text=Binder
scrapingsandbox:SKU-TOY-0199,scrapingsandbox,SKU-TOY-0199,Organic Dollhouse,175.94,USD,https://scrapingsandbox.com/product/199,Toys,https://placehold.co/400x400/10b981/ffffff?text=Dollhouse
scrapingsandbox:SKU-ART-0200,scrapingsandbox,SKU-ART-0200,Advanced Stencil Set,154.08,USD,https://scrapingsandbox.com/product/200,Art,https://placehold.co/400x400/06b6d4/ffffff?text=Stencil
