language,work_id,title
eng,/works/OL10056472W,Bioinformatics Programming in Python
eng,/works/OL1033722W,XML Processing with Python
eng,/works/OL10538818W,The life of Python
eng,/works/OL106747W,Python scripting for computational science
eng,/works/OL11791152W,Python for bioinformatics
eng,/works/OL12103779W,Game development essentials
eng,/works/OL12252560W,The complete Fawlty Towers
eng,/works/OL12381655W,Python and Tkinter programming
eng,/works/OL12409294W,Core Python programming
eng,/works/OL13257289W,Object-oriented programming in Python
eng,/works/OL13301932W,Python
eng,/works/OL13590691W,Beginning Python
eng,/works/OL13600452W,Python web development with Django
eng,/works/OL13691702W,Data structures and algorithms using Python and C++
eng,/works/OL13755386W,Learn to program using Python
eng,/works/OL13763256W,Pacify me
ger,/works/OL13766685W,Gray hat Python
eng,/works/OL13766685W,Gray hat Python
eng,/works/OL13783928W,Financial modeling in Python
eng,/works/OL13820746W,Python
eng,/works/OL14873289W,Python Cookbook
eng,/works/OL14940051W,Natural Language Processing With Python
eng,/works/OL14947004W,Pythons' Autobiography by the Pythons
und,/works/OL14947004W,Pythons' Autobiography by the Pythons
eng,/works/OL14988875W,Professional Python Frameworks
eng,/works/OL15078486W,The Fairly Incomplete and Rather Badly Illustrated Monty Python Song Book
eng,/works/OL15120665W,The Complete Python Training Course
eng,/works/OL15120680W,Python How to Program Part A and Part B
eng,/works/OL15178080W,Python for Software Design
eng,/works/OL15181426W,Beginning Python
eng,/works/OL15191590W,Beginning Python
eng,/works/OL15348139W,Creative Technologies
eng,/works/OL15398994W,Getting Started with Pyparsing
eng,/works/OL15444238W,Explorations in computing
eng,/works/OL15453913W,Pro Django
eng,/works/OL15470915W,The practice of computing using Python
eng,/works/OL15505577W,After the Software Wars
eng,/works/OL15525966W,Django
eng,/works/OL15537389W,Python programming
ger,/works/OL15557593W,Head First Programming
eng,/works/OL15557593W,Head First Programming
eng,/works/OL15557721W,Pro IronPython
eng,/works/OL15563910W,Python for Unix and Linux System Administration
eng,/works/OL15564332W,Practical programming an introduction to computer science using python
eng,/works/OL15596175W,Python for bioinformatics
eng,/works/OL15611338W,Python for bioinformatics
ger,/works/OL15664278W,Head First Python
eng,/works/OL15664278W,Head First Python
chi,/works/OL15664278W,Head First Python
eng,/works/OL15667639W,Mining the Social Web
eng,/works/OL15842752W,Fawlty Towers
eng,/works/OL15975103W,Methods in medical informatics
eng,/works/OL15983380W,Bioinformatics programming using Python
eng,/works/OL15991205W,Starting out with Python
eng,/works/OL16010084W,SPSS for dummies
eng,/works/OL16028395W,The complete Monty Python's flying circus
eng,/works/OL16064211W,Fawlty Towers
eng,/works/OL16112114W,Python fundamentals
eng,/works/OL16120889W,A primer on scientific programming with Python
eng,/works/OL16126223W,Maya Python for games and film
eng,/works/OL16127158W,Python Algorithms
eng,/works/OL16141839W,The Python standard library by example
eng,/works/OL16163881W,Python 3 for absolute beginners
eng,/works/OL16163882W,Python 3 for absolute beginners
eng,/works/OL16176954W,Pro Python
eng,/works/OL16188986W,Data structures and algorithms using Python
eng,/works/OL16223034W,Think Stats
eng,/works/OL16299783W,Code in the cloud
eng,/works/OL16300853W,Dive into Python 3
eng,/works/OL16318629W,If you like Monty Python
eng,/works/OL16415392W,A concise introduction to programming in Python
eng,/works/OL16415477W,Introduction to programming with Python 3
eng,/works/OL16415478W,Introduction to programming with Python 3
eng,/works/OL16486498W,Introduction to computing & programming in Python
eng,/works/OL16486566W,Core python applications programming
eng,/works/OL16506156W,The practice of computing using Python
eng,/works/OL16520658W,Parky's people
eng,/works/OL16522163W,Pro Android Python with SL4A
fre,/works/OL16545740W,Le théâtre volant des Monty Python
fre,/works/OL16545741W,Le théâtre volant des Monty Python
eng,/works/OL16557534W,Introduction to Python programming and developing GUI applications with PyQT
eng,/works/OL16585050W,Applied computer science
eng,/works/OL16586488W,Python scripts for Abaqus
eng,/works/OL16604897W,Hello! Python
eng,/works/OL16683778W,Foundations of Python network programming
eng,/works/OL16692355W,Python scripting for computational science
eng,/works/OL16714443W,Python scripting for ArcGIS
eng,/works/OL16803901W,Getting Started with Raspberry Pi
eng,/works/OL16812103W,"A Practical Guide to Linux Commands, Editors, and Shell Programming"
eng,/works/OL16814962W,A Young Person’s Guide to Information Technology Book Eight Creative Technologies
eng,/works/OL16918797W,Using Google App Engine
eng,/works/OL16919361W,The Definitive Guide To Jython
eng,/works/OL16919697W,Python Programming Fundamentals
eng,/works/OL16921614W,Pro Python System Administration
eng,/works/OL16923989W,Dive into Python 3
eng,/works/OL16924544W,The Definitive Guide to MongoDB
eng,/works/OL16924749W,Expert Python programming
eng,/works/OL16925466W,Beginning Django E-Commerce
eng,/works/OL16926556W,Blender 2.49 scripting
por,/works/OL16928351W,Aprendendo Python
eng,/works/OL16929519W,wxPython 2.8
eng,/works/OL16930795W,The definitive guide to Pylons
eng,/works/OL16931184W,Learning website development with Django
eng,/works/OL16931311W,Grok 1.0 web development
eng,/works/OL16931400W,Pro DLR in .NET 4
eng,/works/OL16932609W,Beginning Java™ Google App Engine
eng,/works/OL16932770W,Mobile python
eng,/works/OL16935147W,Beginning Python visualization
eng,/works/OL16938693W,Python text processing with NLTK 2.0 cookbook
eng,/works/OL16942521W,Hello world!
eng,/works/OL16942777W,Programming Google App Engine
eng,/works/OL16945541W,Essential SQLAlchemy
eng,/works/OL16945792W,A practical guide to testing wireless smartphone applications
eng,/works/OL16948571W,The quick Python book
eng,/works/OL16948945W,SPSS
eng,/works/OL16961435W,Python testing
eng,/works/OL16962939W,Python geospatial development
eng,/works/OL16962972W,NumPy 1.5
eng,/works/OL16963478W,Coding for penetration testers
eng,/works/OL16963918W,Professional Ironpython
eng,/works/OL16966084W,Plone 3 multimedia
eng,/works/OL16971050W,The Definitive Guide to Django
eng,/works/OL16973870W,MySQL for Python
eng,/works/OL16973901W,Django 1.2 e-commerce
eng,/works/OL16974860W,Hello world!
eng,/works/OL16976951W,Think Python
eng,/works/OL16982211W,Python multimedia beginner's guide
eng,/works/OL16983004W,IronPython in action
eng,/works/OL16985216W,Sage beginner's guide
eng,/works/OL16986921W,MongoDB and Python
eng,/works/OL16987563W,Python and AWS cookbook
eng,/works/OL16997231W,Real World Instrumentation with Python
eng,/works/OL17053024W,Help Your Kids with Computer Coding
eng,/works/OL17191897W,Python Tools for Visual Studio
eng,/works/OL17192040W,Python in Easy Steps
eng,/works/OL17192139W,Invent your Own Computer Games with Python
eng,/works/OL17192140W,Making Games with Python & PyGame
chi,/works/OL17192141W,Automate the Boring Stuff with Python
eng,/works/OL17192141W,Automate the Boring Stuff with Python
eng,/works/OL17192267W,Effective Python
eng,/works/OL17295042W,Programming With Unicode
eng,/works/OL17308344W,Web Scraping with Python
eng,/works/OL17357597W,Introduction to Machine Learning with Python
eng,/works/OL17361130W,DATA MINING FOR BUSINESS ANALYTICS
eng,/works/OL17367535W,Learning Robotics Using Python
eng,/works/OL17389190W,Flask Web Development
eng,/works/OL17400331W,Introducing Python
eng,/works/OL17422847W,Python For Data Analysis
eng,/works/OL17451852W,Raspberry Pi User Guide
eng,/works/OL17468512W,Introduction To Tornado
eng,/works/OL17517253W,Python 3 object oriented programming
eng,/works/OL17519088W,Monty Python S Flying Circus
eng,/works/OL17530235W,Python for Kids
eng,/works/OL17546824W,Raspberry Pi Cookbook
eng,/works/OL17556887W,Practical Computer Vision with Simplecv
eng,/works/OL17559022W,Image Processing and Acquisition Using Python
fre,/works/OL17573905W,Programming the Raspberry Pi
eng,/works/OL17573905W,Programming the Raspberry Pi
eng,/works/OL17575152W,Introduction To Computation And Programming Using Python
eng,/works/OL17580823W,Managing Your Biological Data With Python
eng,/works/OL17581274W,Programming Computer Vision With Python
eng,/works/OL17581298W,Getting Started with BeagleBone
eng,/works/OL17581314W,Python and HDF5
eng,/works/OL17581315W,Think Bayes
eng,/works/OL17583400W,Learning Ipython For Interactive Computing And Data Visualization
eng,/works/OL17597290W,American Film
eng,/works/OL17639392W,Raspberry Pi
eng,/works/OL17755203W,Python Programming For Beginners
eng,/works/OL17756429W,Getting started with Raspberry Pi
eng,/works/OL17768674W,Python 2.1 Bible
spa,/works/OL17794712W,Introducción a la programación con Python
spa,/works/OL17794722W,Introducción a la programación con Python 3
eng,/works/OL17795244W,Introduction to Computing
eng,/works/OL17795703W,Python for bioinformatics
eng,/works/OL17796777W,Test-Driven Development with Django
spa,/works/OL17842206W,Python para todos
eng,/works/OL17842208W,Python Guide Documentation
eng,/works/OL17854096W,Modern Python Cookbook
spa,/works/OL17854515W,Aprendiendo a programar en Python con mi computador
spa,/works/OL17874094W,Curso
eng,/works/OL17920482W,Python crash course
eng,/works/OL17928413W,A Pocketful of Python
eng,/works/OL17929689W,Essential SQLAlchemy
eng,/works/OL17929690W,Test-Driven Development with Python
eng,/works/OL17930014W,Learn Programming
chi,/works/OL17942403W,Perl
eng,/works/OL17942403W,Perl
eng,/works/OL17953004W,Deep learning with keras
eng,/works/OL18367656W,The quick Python book
heb,/works/OL18620629W,Ḳinah tseḥorah
eng,/works/OL18620629W,Ḳinah tseḥorah
eng,/works/OL18657847W,The practice of computing using Python
eng,/works/OL18724422W,Jython essentials
eng,/works/OL18781295W,Financial modelling in Python
eng,/works/OL18838694W,Monty Python's flying circus
ukr,/works/OL19087942W,Мова програмування Python для інженерів і науковців
eng,/works/OL19140425W,The Best of Creative computing
eng,/works/OL19163918W,Python how to program
eng,/works/OL1926026W,Invitation to Computer Science
eng,/works/OL19396663W,Beautiful Code
eng,/works/OL19541891W,Hands-On Unsupervised Learning Using Python: How to Build Applied Machine Learning Solutions from Unlabeled Data
eng,/works/OL19541893W,Natural Language Processing with PyTorch
eng,/works/OL19541895W,Intro to Python for Computer Science and Data Science
eng,/works/OL19541945W,Python Deep Learning
eng,/works/OL19541947W,Deep Learning with Python
eng,/works/OL19542018W,Deep Learning and the Game of Go
eng,/works/OL19542031W,Practical Programming
eng,/works/OL19542144W,Numerical Python
eng,/works/OL19542201W,"Applied Data Science with Python and Jupyter: Use powerful industry-standard tools to unlock new, actionable insights from your data"
eng,/works/OL19542490W,Begin to Code with Python
eng,/works/OL19542541W,Get Programming
eng,/works/OL19542542W,The Quick Python Book
eng,/works/OL19542561W,Think Complexity: Complexity Science and Computational Modeling
eng,/works/OL19542626W,Deep Learning Cookbook
eng,/works/OL19542654W,Mastering Numerical Computing with NumPy
eng,/works/OL19542745W,Complex Network Analysis in Python
eng,/works/OL19542773W,A Concise Introduction to Programming in Python (Chapman & Hall/CRC Textbooks in Computing)
eng,/works/OL19542840W,Python for Beginners: 2018 Edition: Learn to Code with Python!
eng,/works/OL19542905W,Matplotlib for Python Developers
eng,/works/OL19542906W,"Mastering Linux Shell Scripting: A practical guide to Linux command-line, Bash scripting, and Shell programming, 2nd Edition"
eng,/works/OL19543033W,Python Web Scraping Cookbook
eng,/works/OL19543113W,The Python Apprentice
eng,/works/OL19543188W,Python for Everyone
eng,/works/OL19543192W,Pandas Cookbook
eng,/works/OL19543278W,"OpenCV 3.x with Python By Example: Make the most of OpenCV and Python to build applications for object recognition and augmented reality, 2nd Edition"
